:020000040800F2
:1000000000040020B9010008BB010008BB01000882
:10001000BB010008BB010008BB010008BB010008D0
:10002000BB010008BB010008BB0100080DCB0008A4
:10003000BB010008BB010008BB01000851DD00083E
:10004000BB010008BB010008BB010008BB010008A0
:10005000BB010008BB0100081D3500085D35000824
:100060009D350008E135000825360008BB01000871
:10007000BB010008BB01000821E40008BB01000827
:1000800069360008BB010008BB010008BB0100087D
:10009000BB010008BB010008BB010008BB01000850
:1000A000BB010008BB0100080DE0000821E00008CA
:1000B000BB010008BB010008BB010008BB01000830
:1000C00071DD000809370008BB010008BD370008D2
:1000D000BB010008BB010008BB010008BB01000810
:1000E00072B6264880F30888254880F30988254899
:1000F00025490860022080F31488BFF36F8F0CF04D
:1001000031FA0CF00BF84FF0553020491B4A914260
:100110003CBF41F8040BFAE71D49194A91423CBF24
:1001200041F8040BFAE71B491B4A1C4B9A423EBF9D
:1001300051F8040B42F8040BF8E700201849194A5B
:1001400091423CBF41F8040BFAE70CF00FFA0CF0B7
:100150000AFA154C154DAC4203DA54F8041B8847D3
:10016000F9E707F069F8124C124DAC4203DA54F883
:10017000041B8847F9E70CF0F7B9000000040020E1
:10018000000C00200000000808ED00E00000002046
:1001900000040020280B0108000C0020281100207A
:1001A000281100209C3F0020E0000008E00000082B
:1001B000E0000008E000000892E700F000F8FEE729
:1001C0002DE9F04FC1F80CD0C3689D46BDE8F08F13
:1001D000002383F311882846A04700200CF0CAFBB7
:1001E000FEE70CF0FDFA00DFFEE7000053B94AB964
:1001F000002908BF00281CBF4FF0FF314FF0FF302F
:1002000000F074B9ADF1080C6DE904CE00F006F809
:10021000DDF804E0DDE9022304B070472DE9F04782
:100220008C460446089E002B40F086808A42154684
:1002300048D9B2FA82F24AB1C2F1200701FA02F3B8
:1002400020FA07F7954047EA030C94404FEA154E11
:10025000BCFBFEF71FFA85F80EFB17C307FB08F976
:10026000210C41EA0343994509D9EB1807F1FF3105
:1002700080F0E180994540F2DE80023F2B44A3EB01
:100280000903B3FBFEF00EFB103300FB08F1A4B230
:1002900044EA0344A14209D92C1900F1FF3380F04C
:1002A000C880A14240F2C58002382C4440EA074091
:1002B0000027641A1EB10023D440C6E90043394622
:1002C000BDE8F087002A54D0B2FA82F2002A40F04A
:1002D000B4800127491B4FEA15481FFA85F9B1FB85
:1002E000F8FE08FB1E1109FB0EF04FEA144C4CEA15
:1002F0000143984207D9EB180EF1FF3102D2984220
:1003000000F2EB808E461B1AB3FBF8F008FB1033AB
:1003100009FB00F9A4B244EA0344A14507D92C190A
:1003200000F1FF3302D2A14500F2DB801846A4EBB6
:10033000090440EA0E40BDE78B4208D9002E75D073
:100340000027C6E9000138463946BDE8F087B3FA10
:1003500083F77FB98B4202D3824200F2BC80841AB9
:1003600061EB030301209C46002EA8D0C6E9004C97
:10037000A5E7FFDEC7F12005BB4022FA05FC4CEAE9
:10038000030C21FA05F44FEA1C4EB4FBFEF91FFAE8
:100390008CF80EFB194420FA05F3B94009FB08FA62
:1003A00019430B0C43EA0444A24502FA07F200FA8F
:1003B00007F30BD91CEB040409F1FF3080F08980AE
:1003C000A24540F28680A9F102096444A4EB0A0424
:1003D000B4FBFEF00EFB104400FB08FA89B241EAC0
:1003E0000444A24508D91CEB040400F1FF316CD28F
:1003F000A2456AD90238644440EA0940A0FB028958
:10040000A4EB0A044C454146CE4655D352D0002EAB
:100410006AD05A1A64EB0E0404FA05F522FA07F3BF
:10042000FC401D43C6E90054002748E737463046E4
:1004300045E718463AE70F4621E79540C2F1200309
:1004400021FA03F04FEA1548B0FBF8F71FFA85F9D7
:1004500008FB170E24FA03FC914007FB09FA4CEA4B
:100460000101080C40EA0E40824504FA02F407D963
:10047000281807F1FF332AD2824528D9023F2844A1
:10048000A0EB0A00B0FBF8FC08FB1C000CFB09F316
:1004900089B241EA00418B4208D969180CF1FF305A
:1004A00011D28B420FD9ACF1020C2944C91A4CEA83
:1004B000074714E74345AAD2B8EB020169EB0C02E7
:1004C00001389646A3E78446F0E7084694E71F46BE
:1004D000D6E781467AE7384646E7AEF1020E2B446E
:1004E00011E702382C4422E73746E8E6704700BFA0
:1004F00008B5062000F0C2FA01200DF071FA00BF25
:10050000024B0146186800F055B900BF000C0020EE
:10051000024B0146186800F0F9B800BF000C00203B
:10052000032A70B412D940EA0105AD0704460B4610
:1005300020D11946204653F8045B54F8046BAE42B0
:1005400018D1043A032A20461946F2D8541E72B133
:1005500003780A789A4208BF241806D00CE010F8F5
:10056000013F11F8012F934206D1A042F7D100209C
:1005700070BC7047541EEBE7981A70BC704700BF00
:10058000844641EA000313F0030349D1403A23D3E0
:100590000B6803604B6843608B688360CB68C36003
:1005A0000B6903614B6943618B698361CB69C361EB
:1005B0000B6A03624B6A43628B6A8362CB6AC362D3
:1005C0000B6B03634B6B43638B6B8363CB6BC363BB
:1005D00040304031403ADBD230320BD30B680360FD
:1005E0004B6843608B688360CB68C3601030103108
:1005F000103AF3D20C3205D351F8043B40F8043BD7
:10060000043AF9D2043208D0D2071CBF11F8013BDA
:1006100000F8013B01D30B8803806046704700BFA0
:10062000082A13D38B07B1D010F00303AED0C3F167
:100630000403D21ADB071CBF11F8013B00F8013B91
:10064000A4D331F8023B20F8023B9FE7043AD9D308
:10065000013A11F8013B00F8013BF9D20B78037025
:100660004B7843708B78837060467047F0B4860790
:1006700046D0541E002A3CD0CAB2034602E014F110
:10068000FF3436D303F8012B9D07F8D1032C29D969
:10069000CDB245EA05250F2C45EA054533D9A4F12D
:1006A0001006360903F1200707EB061703F11002C5
:1006B00042E9045542E902551032BA42F8D1721C9F
:1006C00014F00C0F03EB021204F00F0613D0331FCB
:1006D00023F003030433134442F8045B9342FBD139
:1006E00006F003042CB1C9B21C4403F8011B9C4260
:1006F000FBD1F0BC704734461346002CF3D1F8E729
:1007000014460346C2E71A462646E0E700293AD0D7
:1007100038B551F8043C0C1F002BB8BFE41805464F
:1007200000F05AFA224B1A682AB1A2420DD9216868
:100730006018824221D0626028461C60BDE83840C3
:1007400000F04CBAA34203D81A465368002BF9D1E3
:1007500011685018A04217D022D82168601883422F
:1007600003BFD3E900030918C4E9001363605460B0
:100770002846BDE8384000F031BAD2E90002014411
:10078000C4E90012D8E7704720680144501883423A
:100790001160EDD1D3E900030144C2E90013E7E79A
:1007A0000C2328462B60BDE8384000F017BA00BF84
:1007B00028110020F8B5CD1C25F0030508350C2DB7
:1007C00038BF0C25002D064633DBA94231D82A4F0D
:1007D00000F002FA3A6852B113685B1B04D43FE0A0
:1007E00023685B1B29D522465468002CF8D1796810
:1007F00000293BD0294630460DF0D6F8431C28D0BE
:10080000C41C24F00304A04205D0211A30460DF088
:10081000CBF801301DD02560304600F0DFF904F13F
:100820000B0020F00700231DC21A01D01B1AA35091
:10083000F8BD0C2200203260F8BD0B2B05D8A24277
:10084000636811D05360E7E7144623601C442560B9
:10085000E2E70C233046336000F0C0F90020F8BD19
:100860000B2BF1D8144653683B60D5E730460DF0AA
:100870009BF87860BEE700BF2811002038B5124B06
:1008800005461C68A06B18B10023C0E9045338BDAD
:100890001820FFF735FEA06378B101220023C0E9DC
:1008A00004230A4B0B24836000230949094A8481ED
:1008B000C0E90012C0E9045338BD0246064B42218C
:1008C000064800F041F900BF000C0020ECDE0500F6
:1008D0000E33CDAB34126DE6580A0108700A0108D8
:1008E00038B51A4B1C68A26B92B114691849536948
:1008F00001FB04F1174800FB0313A4FB0045611C36
:100900001D4445F1000323F00040C2E9041338BD43
:100910001820FFF7F5FD0246A06388B101240025E9
:100920000B21C0E904450C4B0948136003460B4DED
:100930000B4C91810B49C2E90154C2E9041338BD43
:10094000094B4E21094800F0FFF800BF000C0020C1
:100950002DF451582D7F954C0E33CDAB34126DE6EE
:10096000ECDE05002E7F954C580A0108700A01083C
:1009700010B580210446FFF71DFF606440B10022DE
:10098000031F7C3043F8042F8342FBD1002010BDAD
:100990004FF0FF3010BD00BF436C0BB1002070471B
:1009A000E6E700BF1F2970B5054608D8436C164618
:1009B0000C464BB153F8240043F8246070BD162256
:1009C0004FF0FF302A6070BDFFF7D2FF08B96B6CA3
:1009D000F0E74FF0FF3070BD1F2938B5054620D82D
:1009E000426C0C466AB152F8213053B1012B16D03B
:1009F000591C10D00025204642F82450984728461C
:100A000038BD284600F070F8224601462846BDE869
:100A1000384000F055B8162301202B6038BD002067
:100A200038BD16234FF0FF302B6038BD1F2921D869
:100A300038B5436C05460C4683B153F8242003EBCC
:100A400084034AB1511C10D0012A0CD00025204645
:100A50001D609047284638BD012038BDFFF788FF4C
:100A600028B96B6CE9E7032038BD022038BD4FF090
:100A7000FF3038BD4FF0FF30704700BF024B0146DA
:100A80001868FFF7A9BF00BF000C0020024B0A4600
:100A900001461868FFF786BF000C0020034B18685A
:100AA000436C0BB10020704762E700BF000C0020D0
:100AB000024B01461868FFF7B9BF00BF000C0020C9
:100AC00070B50D460023074C0646114628462360A4
:100AD0000CF08EFF431C00D070BD2368002BFBD0B0
:100AE000336070BD983F00200CF08ABF20F00301F6
:100AF00010F00300C0F1000051F8043B00F1040CB9
:100B00004FEACC0C6FF000021CBF22FA0CF2134328
:100B10004FF0010C4CEA0C2C4CEA0C4CA3EB0C02F1
:100B200022EA030212EACC1204BF51F8043B04305B
:100B3000F4D0C2F1000102EA0102B2FA82F2C2F17B
:100B40001F0200EBD200704700B50A4C0546206832
:100B500085B01C46C06852B1074BCDE90132009107
:100B60002B462246054900F023F8FFF7C1FC044B51
:100B70001A46F2E7000C0020A40A0108B40A010892
:100B8000B00A010808B513460022FFF7DDFF00BFD9
:100B90000CB410B582B004AC54F8042B2346019475
:100BA00000F060F802B0BDE8104002B0704700BF2E
:100BB0000EB430B582B005AC54F8042B054D014697
:100BC00023462868019400F04DF802B0BDE830409B
:100BD00003B07047000C0020704700BF704700BF93
:100BE0009368013B002B93600FDA10B49469A34221
:100BF00008DB0A2906D01368581C106019700846D3
:100C000010BC704710BC00F07BBB1368581C106010
:100C100019700846704700BF9BB1F8B513440F46E2
:100C200006465D1E541E01E0AC4208D03A4614F858
:100C3000011F3046FFF7D4FF431CF5D1F8BD00205B
:100C4000F8BD0020704700BF936810B5144613B973
:100C50005360184610BD00F013FE0023C4E90133B1
:100C600010BD00BF2DE9F04F9FB08B4690461C464B
:100C7000039018B18369002B00F0B980A34B9B450A
:100C800000F0BB80A24B9B4500F0C980A14B9B4567
:100C900004BF039BD3F80CB0BBF80C30180740F12D
:100CA000B480DBF81030002B00F0AF80302300213F
:100CB00020228DF8323098F8003005940B918DF891
:100CC0003120954E0127002B00F08980252B00F064
:100CD0001781454603E0252B00F0A58025466B785B
:100CE0006C1C002BF7D1B4EB080A78D0424653466F
:100CF00059460398FFF790FF013070D00B9B6A783C
:100D000053440B93002A6AD000234FF0FF32013482
:100D10000693CDE908338DF85B301C93079206E00B
:100D20002C46069B801B07FA00F0184306902546C8
:100D3000052215F8011B304600F0E6FFAA46002800
:100D4000EED1069BD90644BF20228DF85B201A07FE
:100D500048BF2B22217848BF8DF85B202A2967D114
:100D6000059A1168043200290592C0F29E8009910B
:100D70006178A51C2E2974D0684C0322204600F00F
:100D8000C3FF002800F087804022069B001B02FA68
:100D900000F00343069305F101082B78062219465B
:100DA0005F488DF8303000F0AFFF002800F08380FE
:100DB0005C4B002B72D005AB00935A465A4B06A9E8
:100DC0000398AFF300808146B9F1FF3F07D00B9B3A
:100DD0004B440B9398F80030002B7FF477AFBBF8AF
:100DE0000C305B0618D40B981FB0BDE8F08F00F0F4
:100DF00027FD464B9B457FF445AF039BD3F804B0DA
:100E0000BBF80C3018073FF54CAF5946039800F07B
:100E1000D7FA00283FF44AAF4FF0FF30E4E7039BD6
:100E2000D3F808B038E7B4EB080A3FF46DAF5DE7DC
:100E3000A1F13002092A88BFA2469BD8099B01E094
:100E40002C460135297803EB830302EB4303A1F120
:100E50003002092AAA46F3D92E2904F10205099382
:100E60008AD19AF801102A292FD1059B0AF1020094
:100E70001A680433002A079205939AF802100AF1BF
:100E8000030538DB254C82460322204600F03CFF58
:100E900000287FF479AFA84655467EE7059B0733C7
:100EA00023F007030833059391E7494243F0020317
:100EB000099106935CE705AB00935A461A4B06A9C5
:100EC000039800F0D3F881467EE70023A1F13002B9
:100ED000092A079301D915E05546697803EB830386
:100EE00002EB4303A1F13002092A05F1010AF3D90B
:100EF0000235079340E74FF0FF33824607933BE705
:100F0000444601E7AA46013536E700BF24F9000848
:100F100004F90008E4F80008E40A0108EC0A0108F2
:100F2000F00A010800000000190C000810B4044C7D
:100F300013460A460146206810BCFFF793BE00BF67
:100F4000000C00202DE9F0470C460969A568914680
:100F50008D42B8BF0D46156094F8431006461F46F3
:100F6000DDF8208011B16A1CC9F8002023689906B9
:100F70005CD5D9F800200232C9F80020236813F0AC
:100F8000060F19461DD1E1688A1A002AD8BF1946F2
:100F900017DD002504F1190A05E0E368D9F80020FF
:100FA0009B1AAB420CDD0123524639463046C047FE
:100FB000013005F10105F0D14FF0FF30BDE8F087B9
:100FC000216894F84330003318BF01238A060AD5FC
:100FD0003021E21882F8431094F845105A1C22443C
:100FE00082F84310023304F1430239463046C047C9
:100FF0000130E1D02368A26803F00603042B2169C5
:101000001DD08A4226DD4FF00009521A9144002576
:101010001A3401E04D451DDA012322463946304697
:10102000C047013005F10105F4D1C5E713F0060F03
:1010300013D094F84330003318BF0123D3E7D9F815
:101040000000E3688A42A3EB000323EAE379DCDCD7
:10105000002BDCDC0020BDE8F087E168D9F8002037
:101060008A1A002AD8BF194693DCAAE72DE9F04373
:101070000C46097E85B06E2906461746984604F14F
:10108000430C0C986DD039D9732900F0F48044D901
:10109000752900F00281782940F00F8178232268B9
:1010A000DFF854E284F845300168150651F8043B36
:1010B000016040F1A180D10744BF42F020022260CC
:1010C000002B00F093801022002184F84310606808
:1010D0000028A060C0F2C680216821F004012160D0
:1010E000002B40F0A280002840F0BE806546082A10
:1010F00000F0AB80ACEB0503236141E0632900F015
:10110000E3801AD8002938D0582940F0D68084F8D6
:1011100045102268DFF8E4E1C6E76F2900F0BD80E2
:10112000702940F0CA8078232268DFF8CCE142F0D1
:101130002002226084F84530B6E7642902D069298C
:1011400040F0BB8022680368110603F1040557D5FF
:10115000196805600B46002959DB0A22DFF89CE17B
:10116000B5E7036822681D1D6169056015061B68E7
:1011700002D4500600F1BB8019600023654623614C
:10118000CDF800803B4603AA21463046FFF7DAFE41
:10119000013020D02A46236939463046C047013005
:1011A00019D0226803989207E36819D51A1A002A01
:1011B00016DD002504F1190904E0E36803981A1A02
:1011C000AA420DDD01234A4639463046C047013068
:1011D00005F10105F1D14FF0FF3005B0BDE8F08316
:1011E0009842B8BF184605B0BDE8F08321681022C8
:1011F00021F02001216067E7500648BF9BB25AE703
:101200005106A5D5B3F9003005601946A3E72D2096
:1012100061685B42002984F84300A16002DB22F090
:10122000040222600A22DFF8D4E0654600E00B46A3
:10123000B3FBF2F102FB11301EF80000934205F8F7
:10124000010DF4D2082A7FF455AF2368DB077FF540
:1012500051AF626823699A423FF74CAF3023013D9A
:101260002B7047E7002BE0D19EF8003004F14205D7
:1012700084F842303BE703686268191D01601D680D
:101280000021284600F040FD002832D0401B60605D
:101290002061002384F8433072E72268036812F06B
:1012A000800F03F104051AD01B6805606F290CBF7D
:1012B00008220A22DFF844E006E7012384F84210FE
:1012C000236104F14205E4E70122036804F14205C9
:1012D000191D1B68016084F842302261D9E712F0C1
:1012E000400F0DBF1B6805601B880560DEE7198095
:1012F00043E76068CCE700BF0C0B0108F80A01085F
:10130000F8B50D461446064608B1836943B3254B2C
:101310009C422AD0244B9C4229D0244B9C4208BF9B
:10132000F468A269A389A2601A0722D5236903B3CE
:1013300022686169D31AEDB299422F4629DD013343
:10134000A168501C0139A1602060157062699A4241
:1013500016D0A389DB0701D50A2D11D03846F8BD78
:1013600000F06EFA0F4B9C42D4D17468D9E7B46890
:10137000D7E72146304600F023F838B92369D7E78C
:101380002146304600F032F90028E7D04FF0FF3711
:10139000E4E72146304600F029F90028F6D1012380
:1013A0002268CDE724F9000804F90008E4F80008F1
:1013B000024B0A4601461868FFF7A2BF000C002046
:1013C0003B4B70B51D6806460C460DB1AB69DBB1F1
:1013D000384B9C421ED0384B9C424AD0374B9C42E3
:1013E00008BFEC68B4F90C2093B2190718D520692E
:1013F00008B313F001022CD000226369A2605B42A3
:10140000A36160B3002070BD284600F019FA294B93
:101410009C42E0D16C68B4F90C2093B21907E6D471
:10142000DD063CD5580726D4206942F00803A38185
:101430009BB20028DDD103F42072B2F5007FD8D032
:101440003046214600F016FCA389206913F0010202
:10145000D2D1990758BF6269A2600028D2D1B4F9ED
:101460000C301A06CFD543F04003A3814FF0FF3074
:1014700070BDAC68B6E7616B51B104F144039942A9
:1014800004D03046FFF742F9B4F90C20002363631F
:101490000023206922F02402C4E90003C5E70923E0
:1014A00042F0400233604FF0FF30A28170BD00BFB8
:1014B000000C002024F9000804F90008E4F80008F2
:1014C0002DE9F0418F890C463A07804641D44B689C
:1014D000002B59DDE66A002E53D0002317F480520A
:1014E000D8F80050216AC8F8003051D10123404695
:1014F000B047431C5FD0A789E66A216A7F0705D5FC
:101500006268636B801A0BB1236CC01A0246002319
:101510004046B047461C45D1D8F80030B4F90C20FD
:10152000002B55D01D2B01D0162B5AD10022236938
:10153000C4E90032616BC8F8005011B304F14403F0
:10154000994202D04046FFF7E1F800206063BDE811
:10155000F0810E69AEB10D680E60B90714BF0023AB
:101560006369AD1BA3600AE02B463246A76A216A75
:101570004046B8470028A5EB000506440ADD002DCB
:10158000F2DC0020BDE8F0810B6C002BA2DCF8E758
:10159000606DB3E7A3894FF0FF3043F04003A381B0
:1015A000BDE8F081002322696360A3892260DA0428
:1015B000C0D56065BEE7D8F80030002B9BD01D2B4E
:1015C0000CD0162B0AD0A38943F04003A381D9E79E
:1015D0002169C4E90013D304ACD5EAE7C8F8005088
:1015E000CFE742F04002A281CCE700BF0B6923B3F2
:1015F00010B5044682B008B18369BBB1104B994263
:1016000012D0104B994216D00F4B994208BFE16897
:10161000B1F90C302BB1204602B0BDE81040FFF705
:101620004FBF002002B010BD6168F1E7019100F0EA
:1016300007F90199E2E7A168EAE70020704700BFD7
:1016400024F9000804F90008E4F8000820B1054B6B
:1016500001461868FFF7CABF034B0449186800F039
:10166000B3BA00BF000C0020E0F80008ED15000838
:1016700000207047014900F0A7BA00BFED1500082F
:101680000020704770B568254A1E05FB02F50E461E
:1016900005F17401FFF78EF8044640B100210C30CB
:1016A000666005F168022160A060FEF7DFFF20465A
:1016B00070BD00BF1E4B70B51D680646AB6943B3D5
:1016C0004835D5E90134013B05D51EE0013B5A1CE4
:1016D00004F1680419D0B4F90C20002AF6D10025D1
:1016E000144B6566C4E90055A560C4E90455A561BD
:1016F0002946E360082204F15C00FEF7B7FFC4E965
:101700000D55C4E91255204670BD2C682CB12546F4
:10171000D7E7284600F010F8D2E704213046FFF75B
:10172000B1FF044628600028F1D10C233360EAE7BA
:10173000E0F800080100FFFF2DE9F84F0023334ACD
:10174000C0E9123312680365904208BF0123304993
:1017500008BF836181620546FFF7ACFF68602846D9
:10176000FFF7A8FFA86028460024FFF7A3FF042383
:101770006E68E8602146F3607466C6E90044B460B0
:10178000C6E90444B46106F15C000822FEF76EFF6E
:10179000DFF888B0AF68DFF888A0DFF88890DFF85E
:1017A00088801C4BC6E9086BC6E90AA9C6F83080D8
:1017B0002146FB6008227C66C7E90044BC60C7E99B
:1017C0000444BC6107F15C00FEF750FFEE68124B69
:1017D000C7E9087BC7E90AA9C7F830802146F3604A
:1017E0007466C6E90044B460C6E90444B46106F115
:1017F0005C000822FEF73AFF0123C6E9086BC6E940
:101800000AA9C6F83080AB61BDE8F88FE0F800089F
:10181000751600080900010012000200AD1E000844
:10182000D51E0008151F0008351F0008024B03498C
:10183000186800F0C9B900BFE0F80008ED1500080D
:10184000836903B978E77047704700BF704700BFEE
:10185000704700BF704700BF024B0349186800F093
:101860008FB900BF000C002071160008024B03491D
:10187000186800F085B900BF000C00208116000830
:101880009368002B00F0FC802DE9F04FB1F90C308B
:101890000C469BB2190783B0824690462BD522692D
:1018A0004AB313F00202D8F8006033D000273D4657
:1018B000D4F828B0216ADFF8C492C5B14D452B4653
:1018C0003A4628BF4B465046D847002840F3CE80C2
:1018D000D8F8083007441B1A2D1AC8F80830002B16
:1018E00000F0B380D4F828B0216A002DE6D1D6E903
:1018F00000750836E1E721465046FFF761FD0028F4
:1019000040F03781B4F90C30D8F800609BB213F086
:101910000202CBD113F0010940F0B4804D46A76814
:101920002068002D55D09A0540F1C080AF42BB46DB
:1019300000F2EE8013F4906F2FD0D4E9041707EB78
:101940004707A0EB010B07EBD777681C7F105844C3
:10195000B8423A4684BF07463A465B0540F1F080FC
:1019600011465046FEF726FF002800F0FC805A463C
:1019700021690190FEF704FEA289019B22F4906286
:1019800042F08002A281A7EB0B0203EB0B00676120
:10199000AB462F4623612060A2605A46494600F0BC
:1019A000F9F92368A2685B44AB460025D71BA76002
:1019B0002360D8F80870D944A7EB0B07C8F8087063
:1019C000002F42D0B4F90C30A7689BB22068002DDC
:1019D000A9D1D6E900950836A3E70BF1080353F81F
:1019E000047C9B4653F8086C0833002FF7D03A4626
:1019F0000A21304600F088F9002854D00130A0EBCD
:101A000006094B4620682169BB4228BF3B468842F5
:101A1000626903D9A5681544AB421ADC9A4200F307
:101A200081801346A56A3246216A5046A847051EA2
:101A30001CDDB9EB05096ED00120D8F808302E4422
:101A40005B1B7F1BC8F8083013BB002003B0BDE848
:101A5000F08F31462A4600F09DF9236821462B4439
:101A600023605046FFF7C2FD0028E2D0B4F90C30E5
:101A70004FF0FF3043F04003A38103B0BDE8F08F87
:101A80000020704733469146104617464E469B4607
:101A9000002FA2D00028B4D13A460A21304600F0E7
:101AA00033F90028AAD17B1C9946ABE7236983420E
:101AB00017D36269AA4214D82F4BA76A9D4294BFDC
:101AC0002B466FF0004393FBF2F3216A02FB03F312
:101AD00050464A46B847B0F1000BC7DDA5EB0B05F1
:101AE00067E7AF4228BF2F4649463A4600F052F911
:101AF000A3682268DB1B3A44BB46A3602260002B2C
:101B0000ECD121465046FFF771FD0028E6D0ADE745
:101B10002F46AB4641E721465046FFF767FD0028B8
:101B20008BD0A3E71A4631461D46019300F032F9E7
:101B3000A1682268019BC91A1344A160236078E759
:101B4000504600F08DF9034600287FF41CAF216950
:101B50005046FEF7DBFD0C22B4F90C30CAF8002029
:101B600023F0800384E70C22B4F90C30CAF800207B
:101B70007EE74FF0FF3069E7FEFFFF7F00FCFF7F4D
:101B80002DE9F04110F148071AD088460026D7E920
:101B90000154013D0ED4A389013D012B06D9B4F9AE
:101BA0000E30013302D02046C04706436B1C04F1BF
:101BB0006804F0D13F68002FE9D13046BDE8F081DC
:101BC0003E463046BDE8F0812DE9F84310F1480665
:101BD0001ED0884607464FF00009D6E90154013D62
:101BE00010D4A389013D012B08D9B4F90E3001337B
:101BF00004D021463846C04749EA00096B1C04F16D
:101C00006804EED13668002EE7D14846BDE8F88377
:101C1000B1464846BDE8F88370B50C46B1F90E10E0
:101C200096B0002916461D4613DB6A460BF0C9FE26
:101C300000280EDB019A4FF4806302F47042A2F593
:101C40000052B2FA82F2002052092A60336016B0C4
:101C500070BD0022A3892A601B0604D54023002002
:101C6000336016B070BD4FF480630020336016B04F
:101C700070BD00BF8A890B46920706D5012103F18A
:101C8000470259611A601A61704770B582B001ABA2
:101C90006A460C460646FFF7BFFF009905463046E8
:101CA000FEF788FDB4F90C3070B1164A0099B262A3
:101CB000019A43F08003A3812060C4E904018AB93A
:101CC0002B43A38102B070BD9A05FBD4012123F000
:101CD000030304F1470243F00203A3816161226020
:101CE0002261EFE73046B4F90E100BF076FE10B922
:101CF000B4F90C30E4E7A38923F0030343F00103B4
:101D00001BB2DDE775160008830770B4CDB23DD075
:101D1000541E0AB30378AB421FD0431C05E014F1F4
:101D2000FF3419D30278AA4217D013F0030F1846D4
:101D300003F10103F3D1032C11D84CB30378AB4268
:101D40000BD00444431C02E00278AA4205D09C4216
:101D5000184603F10103F7D1002070BC704702461A
:101D60000E02B6B22E4346EA06461368104673408A
:101D7000A3F1013121EA030313F0803F02F10402D1
:101D8000DCD1043C032C1046EFD8D6E71446D2E74A
:101D90002046E2E78842F0B40DD98B1883420AD975
:101DA000841832B1224613F8014D994202F8014DD0
:101DB000F9D1F0BC70470F2A0ED80346541E002AF2
:101DC000F7D001340C44013B11F8012BA14203F878
:101DD000012FF9D1F0BC704740EA01039B073AD1CB
:101DE000A2F110073F0901F1200606EB071601F1E9
:101DF000100300F1100453F8105C103344F8105C29
:101E000053F81C5C103444F81C5C53F8185C44F81C
:101E1000185C53F8145CB34244F8145CEBD17B1C9F
:101E20001B0112F00C0F194402F00F05034415D0EA
:101E30000E46043DAD0803EB850C1C1F56F8047BD1
:101E400044F8047F6445F9D10135AD002B442944A1
:101E500002F00302B2E7541E0346B2E72A46ADE79A
:101E600009B3F8B51446CAB106460D4600F066F847
:101E7000A04202D32F463846F8BD21463046FEF731
:101E800099FC07460028F6D022462946FEF778FB43
:101E900030462946FEF73AFC3846F8BD2746FEF79D
:101EA00035FC3846F8BD1146FEF784BC10B50C462B
:101EB000B1F90E100BF06DFD002803DB636D0344D8
:101EC000636510BDA38923F48053A38110BD00BFB7
:101ED000002070472DE9F041B1F90C409846E30528
:101EE0000D461746B1F90E10064609D424F4805465
:101EF000AC8143463A463046BDE8F0410BF050BD58
:101F0000022300220BF04AFDB5F90C40B5F90E1082
:101F1000ECE700BF10B50C46B1F90E100BF03EFD1A
:101F2000A389421C0EBF23F4805343F480536065A1
:101F3000A38110BDB1F90E100BF034BD51F8043C73
:101F4000181F002BBCBF0B58C01870470E4A002347
:101F5000114610B5147C84420FD11C225343CA1879
:101F6000906848B1CB58FF2818BF43434FF0010099
:101F700018BF5B000133536010BD0133092B02F120
:101F80001C02E7D10020F7E7A00E0020F0B50A4DB3
:101F900000242E462F7C874207D11C2000FB0464BE
:101FA000012061762276A376F0BD0134092C05F17B
:101FB0001C05EFD10020F7E7A00E0020094A30B53C
:101FC00000231446157C854205D11C22012002FB0A
:101FD0000343996030BD0133092B02F11C02F1D19A
:101FE0000020F7E7A00E0020094A30B50023144670
:101FF000157C854205D11C22012002FB0343596058
:1020000030BD0133092B02F11C02F1D10020F7E7AA
:10201000A00E002070B50B4C00232546267C86427E
:1020200009D11C204343E818E95000238260C360B3
:102030004374012070BD0133092B04F11C04EDD160
:102040000020F7E7A00E002070B500252E462B4C8F
:102050006368002B4FD0E06808BB637CB3FA83F35E
:102060005B09637409F014FDD4E900239342E06036
:102070002BD266606674E66063690BB1207C98477A
:10208000207CFF2824D100221146104607F056FB81
:102090000135092D04F11C04DAD1012070BD09F0CD
:1020A0003DFD23689842D8D26368002BE4D02046D7
:1020B00002F04AFD0028EBD0637C207CB3B1FF28FE
:1020C0000CD1A27E217E607EE0E79B1A6360EBE785
:1020D0005028DDD800231A46194604E05028D7D8E6
:1020E000A37E227E617E06F0A1FCD1E7FF28CAD044
:1020F0005028CDD8EFE76374E360C9E7A00E002055
:1021000007B503788DF8003043788DF80130837877
:102110008DF8023003798DF80330C37868468DF866
:1021200004300DF045FA03B05DF804FB08B5074B29
:102130005A78032A07D8586809F0F0FCC72894BFDA
:102140000020012008BD0020FCE700BFA40C0020F7
:102150007047000010B5144C202220464FF48041F7
:102160000BF0BFFD204620224FF400410BF0B9FDDB
:10217000002280214FF080400BF0B3FDFFF7E8FF15
:1021800000BF00BF00BF00BF00BF00BF00BF00BF57
:1021900000BF00BF00BF00BF00BF00BF00BF00BF47
:1021A00000BF00BF10BD00BF0008004008B501F02F
:1021B00045FB08BD08B5054C20780CF0F5FC2078EF
:1021C000FFF7F4FF05200AF0DAFBF5E7A83B002053
:1021D00010B5084C236803F07142074B134323608A
:1021E00009F056FC054B18602068BDE8104004F06B
:1021F00076BB00BFA83B00200001010E3411002077
:1022000010B5064C0122204602210BF06AFD022384
:10221000A361BDE8104001F0BDBB00BF0004004059
:1022200001207047124B10B51C789CB9114B1B78DC
:10223000042B0FD104F040FA04F054FA04F006FA2B
:1022400004F080FA204609F0C7FA2046BDE81040A5
:1022500009F0DEBA0DF0B0F948B10CF09BFC002893
:10226000FBD1BDE810404CF250300AF088BB10BDE5
:10227000A83B0020443F0020002370B50D460B70A2
:1022800004462A4E00283AD009F002FC284B306060
:102290001A6912F4804F1A4602D01B691E0435D405
:1022A0001369590402D413691B0431D4204A1369F9
:1022B000C3F380332BB1136913F4004F14BF002311
:1022C00002231C4A1278511E042923D9062A23D03E
:1022D000002A0CBF03200020174A14B91178994234
:1022E0001CD1181A18BF0120022B137018D0032B11
:1022F00018D0012B18D102232B70044604E030685B
:1023000009F00CFC3228BFD8204670BD0323D8E763
:102310000123D6E70120DFE70220DDE72046E3E7DF
:102320000323E9E70123E7E70023E5E74411002061
:1023300000080040A83B00203A110020084B9A7882
:10234000012A07D0022A09D0064B1868B0FA80F09B
:102350004009704758780128F6D170470120FCE702
:10236000A40C0020A812002008B5054B9B78013B67
:10237000012B02D9FFF7E2FF08BD0120FCE700BFF7
:10238000A40C002008B509F083FB014B986008BD40
:10239000A40C002010B5094C23782070637009F05C
:1023A00077FB6060FFF7EEFF00F04AFEBDE81040EB
:1023B0000022034B53201A700DF076B8A40C0020B5
:1023C000401100202DE9F0410C4615460746002833
:1023D00041D0B1FA81F35B099BB15A4E5A4A337826
:1023E000002C3CD00221012B91610AD030460BF029
:1023F00057FC30460BF020F85448554B836009F0E9
:10240000C1F9A74201D0FFF70DFF524E3378013BCF
:10241000012B04D80320FFF7BDFF0023B3704E4EFD
:102420003378A34200D11DB100224C4B9A619A83AC
:10243000347024B1631E042B747098BFB47030687C
:1024400004F04DFA3378062B76D8DFE803F07319E1
:1024500036404A545E000B1C18BF0123BCE74FF402
:102460000031042B9161CCD03D4BDFF8E0801C7033
:102470003C4B3046C8F8083009F0BCFD4046BEE78A
:10248000312075B10DF010F852200DF00DF801203B
:102490000DF016F84EF2874143F22D400DF06AF828
:1024A00051200DF001F8FFF76DFF2A46214638460E
:1024B00001F086FE0120BDE8F0813220002DF0D031
:1024C0000CF0F2FF52200CF0EFFF0220E0E7332087
:1024D000002DE6D00CF0E8FF52200CF0E5FF0320C1
:1024E000D6E73420002DDCD00CF0DEFF52200CF0BB
:1024F000DBFF0420CCE73520002DD2D00CF0D4FF38
:1025000052200CF0D1FF0520C2E73020002DC8D0AA
:102510000CF0CAFF14480CF0F9FF14480DF010F845
:102520004EF2874143F22D400DF024F852200CF07A
:10253000BBFFB5E71120B4E711200CF0B5FFFFF7A2
:1025400047FEB0E7443F002000040040081100208F
:1025500001210008A40C0020A83B0020640C0020EE
:10256000F82B0020B9C00008D3F90008DDF90008F5
:10257000002313B50DF107018DF80730FFF77CFE3E
:10258000044690B19DF80730013B032B0DD8DFE8DE
:1025900003F002060F1200221146094B02E000224E
:1025A000074B99781878FFF70DFF204602B010BD51
:1025B00000220621F1E7024B00225978F2E700BF22
:1025C000A83B002013B5124C20460CF075FA0123ED
:1025D000A37704F081F90F4C206008B9FFF7F8FDEC
:1025E000E37843F00103E37009F052FA0A4BFF224B
:1025F000186000234FF4A87100930848084B0AF0B4
:102600008BF9FFF7A7FD0120FFF7B2FF02B010BD65
:10261000640C0020A83B0020341100204811002049
:10262000B521000848B1074A1378013B012B07D8B0
:1026300093782BB90320FFF7ADBE0122024B1A702D
:10264000704700BFA40C002040110020014B1878F7
:10265000704700BFA40C0020014B9870704700BF6A
:10266000A40C0020014B9878704700BFA40C0020F8
:10267000014BD870704700BFA40C00200122014B11
:102680001A70704740110020F8B51C4C1C4DE278C0
:10269000A968C2F3420219B9FFF774FE0020F8BD21
:1026A000184B53F8227023782BB9174B1B78042B47
:1026B00001D1FFF767FE154E327892B100233370D7
:1026C0004FF080431B69E278DB0963F30002237853
:1026D000E27073B101F04CFF0028DFD101F0DAF8AD
:1026E000DDE7002FDAD0A86809F018FAB842E5D281
:1026F000D4E7054B1B78042BECD1CDE7A83B002099
:10270000A40C002080F90008443F00204011002064
:102710000C4B10B55A781946012A03D0022A08D06A
:10272000002005E09C78012C03D101F025F920461A
:1027300010BD486809F0F2F9C728F1D9FFF7FEFD8E
:10274000F6E700BFA40C002008B5074BDB780BB1FF
:10275000022B04D10220FFF71DFE002008BD03203C
:10276000FFF718FE0120F9E7A40C002038B50A4D48
:102770000024EB78033B012B08D80320FFF70AFE67
:102780002046AC7001F096F8012038BD0220FFF71A
:1027900001FE2046F9E700BFA40C002010B50A4C4A
:1027A000E378032B0AD3042B08D80320FFF7F2FDAC
:1027B0000020A07001F09EF8012010BD0220FFF75C
:1027C000E9FD0020F9E700BFA40C002070B5974C8C
:1027D000974D2068B8B109F0A1F9B0F5FA6F12D39E
:1027E0000026552026600CF05FFE57200CF05CFEA2
:1027F00070200CF059FE287832460146B0FA80F07D
:102800004009FFF7DFFD2B7823B18A4B93F8202096
:10281000894B1A702368DBB9884E306809F07EF95D
:1028200040F6B733984213D92B788BB10CF0B2F93C
:1028300070B9804CA37F5BB109F02AF93060532056
:102840000CF032FE94F8213013B970200CF02CFEFD
:102850004FF080431B69EA78DB09794C63F300028F
:102860000020EA70FFF784FE2378032B1ED8DFE8F0
:1028700003F002284FA4E36833B1984720B1012048
:10288000FFF788FD0023A370236933B1984720B177
:102890000120FFF77FFD0223A370636933B19847DE
:1028A00020B10120FFF776FD0123A3700CF0F6FCA8
:1028B000644B1B78002B00F0B780BDE8704002F03D
:1028C0003DBFA369002BF1D098470028EED002F05D
:1028D000ADF95D4B187007F0D1FC2A785B4B1A708C
:1028E0000022544B9A772A68594B134063B9594CCC
:1028F0002378012B08D00222574B20469A610BF017
:10290000CFF920460AF098FD0220FFF743FDCDE7FE
:10291000E369002BCAD098470028C7D000224F4B4C
:102920001A704FF080434FF400129A612A68484BA6
:102930001340B3F1807F0FD0A37843B3022B0BD8A1
:102940006378022B08D0FFF76DFC11200CF0ACFD72
:102950000CF020F90028FBD100F086FF0023E37083
:102960003A4B2A781B789A4208D12A68384B134090
:10297000B3F1807F02D0A07800F070FCA378012B27
:1029800018D0A3B1022B91D1FFF7F0FE8EE7294BAF
:102990005B7E002BE0D111200CF086FD0CF0FAF8E4
:1029A0000028FBD147F2305009F0E9FFD4E7FFF7E8
:1029B000CBFE7BE7FFF7F2FE78E7236A002B3FF4BC
:1029C00075AF984700283FF471AF0122194B9A77F1
:1029D0001D4B1B782BB14FF0804320229A6107F0EA
:1029E0003BFC0120FFF7C4FD024628B92B789BB1C0
:1029F00069780846FFF7E6FC0024184B1C7000F0CD
:102A000027FFFFF7BFFC00F01BFB2046FFF7C2FCCF
:102A100053200CF049FD49E70E4A1278012AEBD108
:102A20001A4619466878E5E770BD00BF34110020EA
:102A3000A83B0020640C0020F82B00203C11002053
:102A4000A40C002039110020301100203811002082
:102A5000FF000001443F002000040040401100201E
:102A60000120704708B5FFF7FBFF08BD37B50446E6
:102A70000D46FFF787FC29462046FFF7F3FF60B1BC
:102A8000074B1A784AB1074B20461B78D9090091A9
:102A9000C3F30013A9780CF025FC03B030BD00BFD0
:102AA000A83B0020B83B002000B50B4B8FB093F83B
:102AB00021300A4A322101A804F0ADFE01A808F035
:102AC000AFF90CF063F808F0ABF9054808F0A8F985
:102AD0000FB05DF804FB00BF640C0020A0F90008F3
:102AE000B1F900082B4B13B51A7804464AB12A4BAA
:102AF00001211B78DB09009300230CF0F3FB02B0EB
:102B000010BD0028FBD0031FDBB2A02B12D8234B33
:102B10000146186808F0B6FE20B1204603F08EFD8D
:102B200003F010FE204603F081FD02B0BDE8104026
:102B300003F008BE00F12003DBB2072B07D800F03A
:102B400007040120A040C0B203F0A6FDEDE700F1AC
:102B50005B03DBB2022B06D8114AD05C02B0BDE8A1
:102B6000104008F039BE00F15803DBB21A2B07D829
:102B70000C4A32F8130002B0BDE8104008F048BE1D
:102B80003334E4B2122CBAD8012102B0BDE81040AF
:102B900002F0BABEA83B0020B83B0020B40F0020D2
:102BA00044F9000848F90008244B13B51A78044684
:102BB0004AB1234B1B78DB090093002319460CF024
:102BC00091FB02B010BD0028FBD0031FDBB2A02B8D
:102BD00006D803F033FD02B0BDE8104003F0B2BDEB
:102BE00000F12003DBB2072B07D800F00704012017
:102BF000A040C0B203F058FDEDE700F15B03DBB28B
:102C0000022B05D8104602B0BDE8104008F0E4BD24
:102C100000F15803DBB21A2B05D8104602B0BDE80C
:102C2000104008F0F5BD3334E4B2122CC9D8114677
:102C300002B0BDE8104002F067BE00BFA83B002014
:102C4000B83B00202DE9F3410546C0B1114E327862
:102C5000C2B10127DFF84080284602F0E6FD0446B5
:102C600098F80030E030DB0900933278002301212E
:102C700080B207FA04F40CF035FBA543ECD102B0A6
:102C8000BDE8F08103F008FD02B0BDE8F04103F0BB
:102C900059BD00BFA83B0020B83B00202DE9F341FF
:102CA0000546C0B1114E3278C2B10127DFF840802D
:102CB000284602F0BAFD98F800300446DB0900937C
:102CC0000023E0303278194680B207FA04F40CF0A1
:102CD00009FBA543ECD102B0BDE8F08103F0E4FCB0
:102CE00002B0BDE8F04103F02DBD00BFA83B0020BD
:102CF000B83B00202DE9F3410546C0B1114E3278B2
:102D0000C2B10127DFF84080284602F08EFD04465C
:102D100098F80030E030DB0900933278002301217D
:102D200080B207FA04F40CF0DDFAA543ECD102B04E
:102D3000BDE8F08103F0C6FC02B0BDE8F04103F04D
:102D400001BD00BFA83B0020B83B00202DE9F341A6
:102D50000546C0B1114E3278C2B10127DFF840807C
:102D6000284602F062FD98F800300446DB09009323
:102D70000023E0303278194680B207FA04F40CF0F0
:102D8000B1FAA543ECD102B0BDE8F08103F0A2FC9A
:102D900002B0BDE8F04103F0D5BC00BFA83B002065
:102DA000B83B00202DE9F04104460E4601F0E2FA5E
:102DB000E8B92378013B142B4ED8DFE803F00B1B56
:102DC000486268727575757ACA80848A939C9FA2DE
:102DD000ABB4BD00002363700C23A370614B31467C
:102DE0001B782046002B40F0B98009F06BF90120D8
:102DF000BDE8F0816378013B032B2DD8DFE803F0B9
:102E0000020C0F2108F044FE030EA370030CE370C4
:102E1000030A23716071E1E707F0D3FCF4E725466C
:102E2000A77804F11C08052FD8D8F8B204F0D2F81E
:102E3000030AEB7028710235454507F10107F2D10D
:102E4000CCE70023A370E37023716371C6E7637856
:102E5000022B04D0052B10D0FF232370BEE7E378AC
:102E6000A07840EA0320237940EA0340637940EAEE
:102E7000036000BA07F0A8FCB0E7A07807F0CEFC2A
:102E8000ACE7E278A178607808F0C4F8C0E722796E
:102E90006379A17843EA02236078E27808F0D0F8F9
:102EA0009CE708F01DF999E73146204607F031FD0F
:102EB00094E7002007F068FC07F091FC8EE708F02B
:102EC00099F960708AE708F097F9030A6370A070B7
:102ED00084E76078A378221DE17843EA002008F0B7
:102EE0008EF97BE76078A378221DE17843EA002021
:102EF00008F09FF972E708F0AFF96FE708F07EF885
:102F0000DFE76078A378221DE17843EA002008F02B
:102F100031F963E76078A378221DE17843EA002065
:102F200008F03FF95AE7E278A178003218BF012291
:102F3000607808F09AF86BE7E278217963790032DB
:102F400043EA012318BF0122A178607808F0ACF8A9
:102F500044E70123044A637013703FE70CF084FBDD
:102F600045E700BFA83B00203911002010B5437889
:102F7000044613B1FF23237011E08378013B032B38
:102F8000F8D8DFE803F0021A28410378072B07D0AE
:102F9000082BEFD1294BDB78C3F34203C37010BD7C
:102FA000C1780729FBD8BDE81040244BDA7861F3DB
:102FB0004302DA70186803F092BC0378072B05D03F
:102FC000082BD7D101F0E5FAE070E8E7C078BDE85A
:102FD000104001F0AFBB0378072B0AD0082BC9D1F2
:102FE00042790179C07801F0D6FAA071000AE07147
:102FF000D5E7C2798379017943EA0223BDE810401D
:103000004279C07801F0DDBA0378072B0BD0082B8A
:10301000B0D12379C078A21D617943EA0020BDE8D0
:10302000104001F0E3BA2379C078A21D617943EA28
:103030000020BDE8104001F0F4BA00BFA83B00201A
:1030400008B508F025FD014B186008BD9812002056
:10305000164B10B51C788CB9154B1B78052B08D076
:10306000022B06D008F014FD124B1860124B1C7096
:1030700010BD4FF080431B691B0603D4BDE8104010
:10308000FFF7DEBF0B4B18680028F7D008F046FDAD
:1030900041F657339842EBD9FFF7D2FFBDE8104015
:1030A0000122054B1A70FFF7E9BA00BFA83B0020C8
:1030B000443F0020981200209C1200202DE9F0418E
:1030C0001A4C804625781DB101242046BDE8F081C8
:1030D000FFF7BCFA0138012805D80320FFF75AF999
:1030E0002846FFF7B9FA2778002FEDD1104D2B783D
:1030F000052BE9D1B5F84C309B0702D50D4E34783D
:103100002CB9B8F1FF0F94BF00240124DDE7FFF7CD
:103110009DFA0328D8D83770FFF792FF28460AF0A7
:1031200037FA284601F066F9CFE700BFA83B002038
:10313000443F00209C120020704700001A4B70B5DD
:103140009C6C0F2644F4C0649C649B6C012301F0CA
:1031500003048B4021F0030101F1804101F5A051EE
:103160008D68A400C0F38320A04006FA04F425EA89
:10317000040528438860D8430C4912F0010F8C687D
:1031800014BF1C4304408C6012F0020FCA6814BFC5
:103190001A430240CA60054A536111680B43136029
:1031A00053680340536070BD000C0140001800409C
:1031B0000F281FD8DFE800F0080C0F121518181898
:1031C00018181B1B1B1B1B1B062108460AF01BBCE7
:1031D00006210720FAE706210820F7E70621092043
:1031E000F4E706210A20F1E706211020EEE7062188
:1031F0002120EBE7704701207047000008B5FFF77A
:10320000FAFF28B3012207214FF08040FFF796FF15
:103210000720FFF7CDFFFFF725FA38B90D48032245
:103220000621FFF78BFF0620FFF7C2FF03220E21C6
:103230000948FFF783FF0E20FFF7BAFF0648032275
:103240000F21FFF77BFFBDE808400F20FFF7B0BF5D
:1032500008BD00BF00040040000800402DE9F04711
:103260003023054683F31188FFF7C8FF00264FF08F
:103270000108854FDFF83C9257F8040B95B1012DFA
:103280004DD148454BD120F00F0A00F00F0008FA4D
:1032900000F421460522504624040AF022FDCAF813
:1032A000184001E0441CEED101360F2EE4D1062473
:1032B0000127764EDFF8009256F8040B002D3AD025
:1032C000012D40F0D380484540F0D08000F00F0140
:1032D000202207FA01F120F00F000AF002FD00BFE2
:1032E00000BF00BF00BF00BF00BF00BF00BF00BFE6
:1032F00000BF00BF00BF00BF00BF00BF00BF00BFD6
:1033000000BF56F8040C022200F00F08414620F0DE
:103310000F00FFF713FF4046FFF74AFF0DE0411C87
:10332000C2D000F00F01202208FA01F120F00F00B6
:103330000AF0D7FCB8E7421CC8D1013CBCD12246F8
:103340004FF4006152480AF0CCFC00BF00BF00BF40
:1033500000BF00BF00BF00BF00BF00BF00BF00BF75
:1033600000BF00BF00BF00BF00BF00BF00BF0322FF
:103370000B214748FFF7E2FE0B20FFF719FF84F30C
:10338000118872B60120434A136823F001031360C9
:10339000414B424A5A610022A30003F1604303F506
:1033A0006143D3F80011D5B2012D94BF002101F083
:1033B000010109B1C3F880010132202AF1D10134A1
:1033C000082CE8D1364C636843F000736360354BDA
:1033D0001A6802F009021A601A6842F46C3242F06C
:1033E00004021A6040F2B3321A622F4B43F0010319
:1033F0009847236943F00403236130BF2B4B43F00C
:10340000010398472369234A23F0040323611368C7
:10341000274C43F001031360E36943F08003E36149
:10342000A36C43F40073A36408F078FE03F006FE77
:1034300040F282324FF4006115480AF052FCE36C0E
:1034400043F00803E364E36CA36C43F48053A36488
:10345000A36CE36C43F01003E364E36CFFF76CFED2
:10346000002383F3118862B6BDE8F087431C3FF464
:1034700064AF00F00F01402207FA01F120F00F00C5
:103480000AF02FFC59E700BF10FA0008A8FA00085C
:103490000008004010E000E000180040FFFF0700B7
:1034A00000ED00E00000014080FA00084CFA00083E
:1034B000000C0140030800400D0800400120704747
:1034C00001207047831E10B504460D2B1BD8DFE882
:1034D00003F0071A1A1A1A121A1A1A141A181616B8
:1034E0000420FFF7C5F82046FFF7E8FF10B120469B
:1034F000FFF7E6FF10BD0320F3E70220F1E7072006
:10350000EFE70520EDE70120EBE701238B400342C5
:1035100002D00846FFF7D6BF7047000008B50D4B34
:103520005A69D20706D51A68002022F001021A60F3
:10353000FFF7C8FF4022084BC3F88020BFF34F8F2E
:10354000BFF36F8F0122034B5A61BDE8084009F0B9
:103550000BBB00BF0018004000E100E008B50D4BB8
:10356000586910F0020006D01A68012122F0020208
:103570001A60FFF7CAFF8022074BC3F88020BFF311
:103580004F8FBFF36F8F0222024B5A61BDE8084094
:1035900009F0EABA0018004000E100E008B50E4B5F
:1035A000586910F0040006D01A68022122F00402C3
:1035B0001A60FFF7AAFF4FF48072084BC3F880200F
:1035C000BFF34F8FBFF36F8F0422034B5A61BDE8E7
:1035D000084009F0C9BA00BF0018004000E100E04F
:1035E00008B50E4B586910F0080006D01A68032180
:1035F00022F008021A60FFF788FF4FF40072084BB0
:10360000C3F88020BFF34F8FBFF36F8F0822034BA7
:103610005A61BDE8084009F0A7BA00BF0018004091
:1036200000E100E008B50E4B586910F0100006D01C
:103630001A68042122F010021A60FFF766FF4FF4A7
:103640008062084BC3F88020BFF34F8FBFF36F8FAA
:103650001022034B5A61BDE8084009F085BA00BF4B
:103660000018004000E100E038B5254B5C69A20677
:1036700004F4787507D51A68052122F020021A6033
:103680002846FFF742FF600608D51D4A0621136849
:10369000284623F040031360FFF737FF210608D5C3
:1036A000174A07211368284623F080031360FFF7A9
:1036B0002CFFE20508D5124A08211368284623F496
:1036C00080731360FFF721FFA30508D50C4A092179
:1036D0001368284623F400731360FFF716FF4FF4B6
:1036E0008032084BC3F88020BFF34F8FBFF36F8F3A
:1036F0004FF47872024B5A61BDE8384009F034BA91
:103700000018004000E100E038B52A4B5C69620512
:1037100004F47C4507D51A680A2122F480621A60F5
:103720002846FFF7F2FE230508D5224A0B2113682D
:10373000284623F400631360FFF7E7FEE00408D592
:103740001C4A0C211368284623F480531360FFF7AA
:10375000DCFEA10408D5174A0D211368284623F47E
:1037600000531360FFF7D1FE620408D5114A0E2101
:103770001368284623F480431360FFF7C6FE230432
:1037800008D50C4A0F211368284623F40043136020
:10379000FFF7BBFE0222084BC3F88420BFF34F8F14
:1037A000BFF36F8F4FF47C42024B5A61BDE8384043
:1037B00009F0DAB90018004000E100E008B50E4B4E
:1037C000586910F4802006D01A68122122F4802251
:1037D0001A60FFF79AFE0822084BC3F88420BFF353
:1037E0004F8FBFF36F8F4FF48022034B5A61BDE8B8
:1037F000084009F0B9B900BF0018004000E100E03E
:1038000010B5074C23784BB901F01AFA02F02BF8E7
:1038100007F0BEFF02F028F801232370012010BD3D
:103820009E12002010B5044C23781BB101F0B6FAAB
:1038300000232370012010BD9E120020024B1B7834
:103840000BB10BF0FBBD7047A112002001207047A7
:1038500008B5044B1B780BB9FFF7D2FF01F016FA3D
:1038600008BD00BF9E12002008B5064B1B780BB1A7
:10387000FFF7D8FF0023044A1370044A1360FFF7D0
:10388000E5FF08BD9E120020AC120020B0120020FF
:103890000120704708B5FFF7FBFF08BD014B187802
:1038A000704700BF9F120020014B1870704700BF87
:1038B0009F120020014B1870704700BF9F1200201C
:1038C000014B1878704700BFA0120020084B10B5BC
:1038D0000446187058B9FEF7B9FE022807D803202D
:1038E000FEF758FD2046BDE81040FEF7B5BE10BDFE
:1038F000A0120020FFF7EABF024B187880F0010009
:10390000FFF7E4BFA01200200020FFF7DFBFFFF7A2
:10391000F3BF0000024B187880F00100704700BF31
:10392000A0120020084B1A78084B1B784BB982F084
:103930000102A0F5A443203B1F2B8CBF10460120A1
:1039400070470022F5E700BFA01200209F12002060
:1039500000231946064A937213609375D360054A93
:1039600001330B2B917242F80C1BF9D1704700BF49
:103970009C0F0020C80C002008B503F0D1FBFFF716
:10398000E7FF0022014B1A6008BD00BFA81200200B
:103990000120704708B5FFF733FFFEF713FE01F073
:1039A00057F948B1012220214FF080400AF099F9DF
:1039B0004FF0804320229A6108BD000000230D4A89
:1039C00010B513700C4A4FF0804413700B4A13600B
:1039D00006F06CFC01280AD006F060FC4FF40013DE
:1039E000A36101F05BFDBDE8104003F01AB820238D
:1039F000F6E700BF9D120020A2120020A4120020B2
:103A000008B502F0D3FF04F0DFFF02F05EFF054BC4
:103A1000188001F06DF918B1BDE80840FFF7CEBF7E
:103A200008BD00BFB83B002037B504460D4601F085
:103A300085F9002800F0BD80002D00F0BA8047F61F
:103A400004639C4200F0858029D847F601639C42BC
:103A50005BD00AD847F603439C4200F0A780B4F538
:103A6000FC4F3CD0284603B030BD47F602639C4271
:103A70005DD047F603639C42F4D100230DF10701AA
:103A800001208DF80730FEF7F7FB9DF80730042B77
:103A900002D013F0FD0FE5D10122042130E047F6FA
:103AA00012639C427BD00BD847F605639C4263D0DF
:103AB00047F611639C42D5D10020FFF707FFD1E7FD
:103AC00047F613639C426ED047F643639C42C9D1CC
:103AD0000122394B1A700022384B1A60C2E70023CA
:103AE0000DF1070101208DF80730FEF7C5FB9DF8A9
:103AF0000730042B02D013F0FD0FB3D10122114681
:103B00002F4B1878FEF75EFCACE700230DF10701A0
:103B100001208DF80730FEF7AFFB9DF80730042B2E
:103B200002D013F0FD0F9DD101220221E8E700230E
:103B30000DF1070101208DF80730FEF79DFB9DF880
:103B40000730042B02D013F0FD0F8BD1012203218B
:103B5000D6E700230DF1070101208DF80730FEF7AD
:103B60008BFB9DF80730042B03D013F0FD0F7FF47F
:103B700079AF01220521C3E700230DF107010120E0
:103B80008DF80730FEF778FB9DF80730DA1E012A22
:103B900002D9002B7FF466AF01220621B0E7012293
:103BA000084B1A705EE7FFF7A7FE5BE7FFF728FFF9
:103BB00058E7054656E700BFA2120020A4120020D5
:103BC000A83B0020A012002070B5FEF7FFFD0025E5
:103BD00001261B4C206858B1A37A4BB907F09EFF11
:103BE0006368984204D3A67201212089FFF71CFF65
:103BF0000C3415B30026134C206858B1A37A4BB986
:103C000007F08CFF6368984204D3A57201212089D4
:103C1000FFF70AFF01360B2E04F10C04ECD10A4B1E
:103C20001A783AB100221A700AF0B4FF0028FBD1CA
:103C3000FFF7E6FE01F02CF870BD0125CAE700BFD2
:103C40009C0F0020C80C0020B412002008B5064BC1
:103C50001B780BB9FFF7D4FD4FF0804320229A6107
:103C6000BDE8084007F0E0BE9E1200202DE9F743B2
:103C70000D46BA4A897804461368E9B1032B00D887
:103C80000133B74F1360FEF77DFB3889844217D0AC
:103C9000B88A84420CD14FF0010995F802800C26B5
:103CA000B8F1000F0FD007F0F3FE06FB09F6B8518C
:103CB000AC4B0027984631E0002BE2D0013BE0E717
:103CC0004FF00009E9E706FB09F607EB060999F84A
:103CD0000A300BB9BB51EBE74146FFF7A5FE89F867
:103CE0000A8047F806800028E2D100209BE07E434E
:103CF00008EB0607BB7A13B948F806301CE04946C2
:103D00002046FFF791FE87F80A9048F8069098B988
:103D1000EBE701370B2F03F10C030DD01A89944206
:103D2000F7D195F802900C26B9F1000FDFD007F01B
:103D3000AFFE7E4348F8060029462046FFF7F2FD15
:103D40000028D2D02946204601F08EF80028CCD099
:103D500047F604639C4200F0C8802CD8B4F5FC4FB1
:103D60006ED009D847F620039C4200F01C8147F62C
:103D700003439C42B9D02EE047F602639C42AB78E5
:103D800000F098807BD9002BAFD0774C2278042AA2
:103D9000ABD000230DF1070101208DF80730FEF7AD
:103DA0006BFA9DF80730042B02D013F0FD0F9CD165
:103DB000002204215FE047F640639C4225D01CD8D6
:103DC00047F606639C4200F0D580C0F0AA8047F613
:103DD00007639C4231D02946204600F0CBFC0028E6
:103DE00083D029462046FFF769F900283FF47DAFCC
:103DF00029462046FEF73AFE15E047F642639C420C
:103E000014D009D347F64363B3E7AB78002B3FF4F4
:103E10006CAFFEF749FE68E7A878544B10B1012259
:103E20001A7062E7187003B0BDE8F083AB78002B1E
:103E30003FF45BAFFEF722FC57E7AA784C4BEFE765
:103E4000AB78002B3FF451AF474C2278012A3FF466
:103E50004CAF00230DF1070101208DF80730FEF76C
:103E60000BFA9DF80730042B03D013F0FD0F7FF4FD
:103E70003CAF002201212078FEF7A4FA35E7002BA1
:103E80003FF433AF384C2278022A3FF42EAF0023A0
:103E90000DF1070101208DF80730FEF7EDF99DF8CF
:103EA0000730042B03D013F0FD0F7FF41EAF002268
:103EB0000221E0E7002B3FF418AF2B4C2278032AB5
:103EC0003FF413AF00230DF1070101208DF80730F7
:103ED000FEF7D2F99DF80730042B03D013F0FD0F45
:103EE0007FF403AF00220321C5E7AB78002B3FF43A
:103EF000FCAE1D4C2278052A3FF4F7AE00230DF1ED
:103F0000070101208DF80730FEF7B6F99DF807305C
:103F1000042B03D013F0FD0F7FF4E7AE0022052140
:103F2000A9E7AB78002B3FF4E0AE0F4C2278062ACD
:103F30003FF4DBAE00230DF1070101208DF80730BF
:103F4000FEF79AF99DF80730DA1E012A02D9002BF4
:103F50007FF4CBAE002206218DE700BFA81200201F
:103F60009C0F0020C80C0020A83B0020A1120020BC
:103F70009D120020AB78002B3FF4B7AE114C227895
:103F8000002A3FF4B2AE00230DF1070101208DF8A5
:103F90000730FEF771F99DF80730012B3FF6A5AE0B
:103FA0000022114667E7AB78002B3FF414AF06F010
:103FB0007DF94FF0804318B14FF400129A610AE77F
:103FC0002022FBE7A83B0020014B1878704700BF78
:103FD000AC12002001207047F8B505460C46574E3C
:103FE000574F21462846FFF7F5FF50B1062C08D859
:103FF000DFE804F004084F91919E9E0000224F4B91
:104000001A60F8BD326862BBA5F12803092B0DD8F0
:10401000DFE803F0220C0C0C0C0C0C1D180500231F
:10402000FF211A463120FDF7B1FF01224FF4FA714A
:104030002846FDF7EFFF2846FDF788FF07F028FD2B
:104040003060DEE70022FF2311463020EBE700233B
:10405000FF2219462F20E6E7FF2328201A4619469B
:10406000E1E7104607F05AFD47F22F53984203D973
:104070000524344B1C70B4E77B7E0BB10324F8E7B6
:10408000314B1B78002B4FD02846BDE8F840FDF798
:104090005DBF306890BBA5F12803092BB1D801A200
:1040A00052F823F0F34000080340000803400008E2
:1040B00003400008034000080340000803400008D4
:1040C000E9400008DF400008CD4000080023FF2140
:1040D0001A463120FDF75AFF0122C821A8E7002225
:1040E000FF2311463020F5E70023FF2219462F2039
:1040F000F0E7FF2328201A461946EBE707F00EFDEC
:1041000047F22F53984201D90624B2E77B7E002B59
:10411000B6D00424ADE7FF224FF4FA612846FDF73C
:1041200079FF2846FDF712FF0022064B1A7068E758
:104130000022044B1A70FEF7A1FAA5E7B012002086
:10414000640C0020AC120020A83B0020014B197821
:10415000FFF742BFAC1200200120704770B5064641
:104160000D4631200021FDF73FFF10B90024204605
:1041700070BD00213020FDF737FF0028F6D0002168
:104180002F20FDF731FF0028F0D000212820FDF777
:104190002BFF0028EAD029463046FFF7DDFF044612
:1041A0000028E3D00022044B29461D70034B304603
:1041B0001A60FFF711FFDAE7AC120020B0120020FE
:1041C00070B50C461546FEF72BF8064680B17CB15B
:1041D000134B5B7E13BB013C052C09D8DFE804F0D0
:1041E000030C120808182DB102213120FFF7B6FF89
:1041F000304670BD0121F8E715B102213020F5E706
:104200000121FBE715B102212F20EFE70121FBE798
:1042100015B102212820E9E70121FBE71E46E7E767
:10422000640C002008B5094B1B786BB9FEF70EFA39
:1042300050B9074B1A783AB1064A527E22B95978DA
:10424000BDE80840FEF7BEB808BD00BFAC120020B4
:10425000A83B0020640C0020704700002DE9FF47B8
:104260003F4E07468846FFF7F7FFFFF7DBFF34783E
:10427000002C32D03B4D2B6813B907F009FC2860A5
:10428000286807F04BFC41F28733984205D9337810
:104290000133337007F0FCFB28603378013B032BBC
:1042A00017D8DFE803F0020C101400226420114636
:1042B00005F044FA0024204604B0BDE8F08700224F
:1042C00064211046F4E7002164220846F0E76422E6
:1042D000F6E7002434702C60EDE7234B1B788BB994
:1042E00041463846FFF754FB0028E3D041463846A4
:1042F00000F088FD04460028DCD041463846FDF732
:10430000A3FED8E722462146204605F017FADFF83B
:104310005CA0DFF85C9001AE0A2551462A46304683
:10432000FCF72EF999F81F30E2B2B3FBF5F5954290
:10433000A05D11D9312B03D900236422194605E071
:104340001D2B4FF00003F8D81A466421013404F005
:104350006DFB0A2CE0D1C3E700231A46EEE700BF4D
:10436000A2120020A41200209D120020C4F7000811
:10437000640C002070B505460E46FEF703F8FEF704
:1043800065F910B10320FEF705F82B780A2B0ED142
:104390000124084B31461C70074B28461B781BB97B
:1043A00007F090FE204670BD0BF05EF9FAE70020A2
:1043B000F9E700BFB4120020A83B0020012810B587
:1043C000044611D002280AD1FEF740F9013801282D
:1043D00005D80320FDF7DEFF0020FEF73DF920465B
:1043E000BDE8104007F0FABA014B1870F7E700BFBC
:1043F00004110020014808F0C2BA00BFA0860100E5
:104400000D4BF0B51B688BB11E22490002FB00105A
:104410000A4901220E461D5A31F8027BD4B2AF423E
:1044200005D104F0070236F812201A52F0BD01320D
:10443000092AF1D10022F8E7B8120020A4FD0008F3
:104440002DE9F04385B004460E4605F0C1FF4FF05C
:104450001E084FF000092D4D2D4F6880E0B28642B6
:1044600050D92C4900230EE01CF801EBBEF1FF0FE0
:1044700001D086451CD001320F2AF5D10133062B1D
:1044800001F10F013CD08C460022EDE7012B08D151
:10449000012A06D16B88ADF804908DF8063001989A
:1044A00019E06B88ADF800108DF80230009812E02A
:1044B000396829B308FB031333F8121033F81230AC
:1044C00049BADAB21B0AE1D1002AEAD1ADF80820D4
:1044D0008DF80A20029803F081FDC0F307238DF8C0
:1044E0000C00C0F307408DF80D308DF80E009DF8DC
:1044F0000E309DF80C209DF80D10204604F096FA21
:104500000134ABE705B0BDE8F08300BF4C0D0020DF
:10451000B8120020500D002041EA0203184310B4E5
:1045200005D10146B422094810BCFCF79FB800240D
:104530000F230648013B13F0FF0301704270204433
:10454000F8D11E34B42CF3D110BC7047BC1200203B
:1045500010B5064A0B461478012C05D15878097815
:10456000FFF74EFF204610BD0020FCE74C0D002059
:10457000024B1878431E5842584170474C0D00209A
:10458000B4235843C1EB01110A44223000EB42002E
:10459000704704207047032838B510D805290ED875
:1045A0000E2A0CD8FFF7ECFF054603F041F904464C
:1045B000681C03F03DF944EA002080B238BD0020B9
:1045C000FCE7032870B51C460FD805290DD80E2A24
:1045D0000BD8FFF7D5FF0546E1B203F091F9210AA8
:1045E000681CBDE8704003F08BB970BD2DE9F8433D
:1045F000002405460F461646A14600F12208BC429B
:1046000008EB040001D1BDE8F8832B19B3F5347F22
:1046100004DA03F00DF930550134F0E706F80490A0
:10462000FAE72DE9F04105460E469046002400F1D8
:104630002207B44207EB040001D1BDE8F0812B1939
:10464000B3F5347F03DA18F8041003F059F9013494
:10465000EFE70000032806D8B42202FB00F102486D
:10466000223103F033B97047BC120020032838B55B
:104670000CD8084A00231478012C07D15578A84299
:1046800006D11370FFF7E6FF204638BD0020FCE797
:104690001846FAE74C0D0020032806D8B42202FB86
:1046A00000F10248223103F059B97047BC120020D2
:1046B000074B084A10B51A600023074C237060703E
:1046C00005F086FE60806078BDE81040FFF7E4BF2B
:1046D000B8120020BC1200204C0D0020032808B5A1
:1046E0000CD8074A5070FFF7D7FF05F007FE2D28BA
:1046F00002D02D2005F0FFFD012000E0002008BDC4
:104700004C0D0020032810B510D8094B197869B951
:10471000012458701C70FFF7BFFF05F0EFFD2D2836
:1047200002D02D2005F0E7FD204600E0002010BD5E
:104730004C0D0020032810B5044609D8FFF7ACFF44
:104740002046FFF793FF2046BDE81040FFF7C6BFA5
:1047500010BD000008B5054802F0D0F8BDE80840DB
:104760004FF434722221024803F0B0B8C0FA0008B6
:104770007201010808B50B4B0A461B78012B0CD1BE
:10478000A0F5A44020381F2809D9887820B1507896
:104790000978FFF735FE002008BD0120FCE7184628
:1047A000FAE700BF4C0D002070B504460078FF28E2
:1047B00001D105F0A3FD0C4900220D4611F8016B53
:1047C000D3B2864203D00132102AF7D113462278A1
:1047D000FF2A13BFFF22013303F00F032270E85CAE
:1047E000BDE8704005F087BDC2FD000838B50B7804
:1047F0000546FF2B0C4602D105F080FD20702846AF
:1048000038BD38B540F2F62440F206352046002186
:10481000013403F038F8AC42F8D138BD10B505F0DA
:104820006DFD0023054911F8014BDAB2844203D033
:104830000133102BF7D11A46104610BDC2FD0008F7
:1048400010B50446FFF7EAFF2146BDE8104000F22C
:10485000F62003F018B808B5FFF7E0FF00F2F620E5
:1048600002F0E6FF072888BF002008BD70B505F0FC
:1048700045FD0723124A12F8011B81421DD0013B5E
:1048800013F0FF03F7D10725FFF7E5FF0130B0FB79
:10489000F5F405FB14040B4B13F8145003EB44031D
:1048A0005E7805F095FD31460246284605F069FD23
:1048B000E0B2BDE87040FFF7C3BF0625E4E700BFE4
:1048C000D2FD0008B4FD000838B5FFF76DFFFFF713
:1048D000C2FF074B13F8104003EB40035D7805F06F
:1048E00077FD294602462046BDE8384005F049BD1F
:1048F000B4FD00082DE9FF411A4B1B780BB30022D1
:104900001146104604F01AFF0024DFF86080164FAD
:1049100001AE0A2541462A463046FBF731FEFB7FB1
:10492000E2B2B3FBF5F5954200D8AAB9312B305D60
:104930000BD9002364221946013404F077F80A2CBD
:10494000E7D1012004B0BDE8F0811D2B4FF000033A
:10495000F0D81A466421EFE70023305D1A46194665
:10496000EAE700BF70130020640C0020CEF70008B7
:1049700038B52B4B0446DB782A4913F001031ED0CF
:10498000294B1B78A3B10023284A2046136001223B
:104990000A701A461946FDF7F9FAFF224FF496718C
:1049A0002046FDF737FB2046BDE83840FDF7CEBA7C
:1049B0001E4A136001220A701A46FF21EBE71C4AC7
:1049C000D57F0F2D1546DED80A780AB31A46FF2187
:1049D000FDF7DCFA01224FF496712046FDF71AFB31
:1049E000EB7F002BDFD1114D2B6813B907F050F886
:1049F000286028680028D6D007F090F84EF660238B
:104A00009842D0D9002301202B60FEF74DFFCAE762
:104A100011461346FDF7BAFAFF224FF4FA71DCE7AC
:104A2000A83B00209D0E002071130020741300206D
:104A3000640C002070B5264E04463578042D35D818
:104A4000DFE805F003412839410006F0A9FE214BBB
:104A5000C0F34006187800F0E8FE02281CBF1E4B89
:104A60001D781E4B18BFC5F30015DB7813F001034A
:104A700005D01B4BDB7F632B8CBF002301232A4611
:104A800031462046FDF782FAFF2232212046FDF70B
:104A9000C1FA0BE0FF231A461946FDF777FA032205
:104AA000C8212046FDF7B6FA012333702046BDE841
:104AB0007040FDF74BBAFF231A461946FDF766FA18
:104AC0000122C821E2E700233370FFF7B3FFEDE7CF
:104AD000781300208A130020B83B0020A83B002058
:104AE000640C0020FF2810B504461CD10E4BD3F8EF
:104AF000F83023F07F43B3F5A04F0DD100225023AF
:104B00001146FDF743FA20460121FDF757FA2046EA
:104B1000BDE81040FDF71ABAB3F5A00F03D100238A
:104B200050221946EDE710BDA00E002008B5054B38
:104B300000211870FB20FDF757FABDE80840FB2064
:104B4000FFF778BF7813002010B5037CFA2B0AD04A
:104B5000FB2B37D02F4B1B7843B9FFF709FD80F0B3
:104B60000100C4B21BE02C4B1B780BB1002416E0F3
:104B7000284B1C78002CF9D1437CDBB1274B427EBB
:104B8000DB78DB070DD4264BDB7F0F2B09D8002AFF
:104B9000ECD023462246FF21012003F047FF2046A8
:104BA00010BD204B12B94FF4807201E04FF08072BB
:104BB0009A61F4E74FF480721A4B21469A612346BA
:104BC0002246E9E7144B447C1A78174BCCB1417E5E
:104BD00089B910219961017E124B79B94FF40071A6
:104BE0009961002AC2D0847E0E4B002CDBD04FF09E
:104BF00080729A61BAE74FF48011EBE74FF00071D1
:104C0000EEE7102199614FF40071064B9961002A7B
:104C1000ACD0C8E78113002078130020A83B002007
:104C2000640C00200004004000080040034B18788A
:104C300010F0030018BF0120704700BFD43B0020D4
:104C40000422024B01209A61704700BF000C004013
:104C500010B50C4C01222046042109F042F804232F
:104C60002022A3614FF400414FF0804009F039F851
:104C70004FF080431B69044AC3F3C0331370012013
:104C800010BD00BF000C00407113002001207047D0
:104C90004FF080431B69124A10B5C3F3C033137041
:104CA000FDF7D4FC60B90F4C206806F037FFB0F573
:104CB0007A7F05D906F0ECFE206053200AF0F4FB61
:104CC000FDF7C4FC48B9084BDB7813F0010F14BFA3
:104CD0004FF480220422054B9A61012010BD00BFD1
:104CE000711300207C130020A83B0020000C004022
:104CF00045F2040307B5ADF8043064238DF806309F
:104D0000019803F06BF90C4AC0F30743C0F3072185
:104D1000937010705170C2B2FF20FDF737F9032273
:104D2000FA21FF20FDF776F9FF20FDF70FF90120AA
:104D300003B05DF804FB00BFAC3B002008B547F6AC
:104D40001E63984210D179B10A4B1A680A4B13407E
:104D5000B3F1807F0AD1094B1B78042B06D1FEF7F3
:104D6000D9FD08B9FEF7D0FD012008BDFEF7CFFD43
:104D7000FAE700BFA83B0020FF000001443F0020ED
:104D80004FF48072044B9A614FF400729A611022C2
:104D9000C3F81824704700BF0004004008B5FFF7AF
:104DA000EFFF4FF48022024B01209A6108BD00BF43
:104DB000000C0040104A10B5D278104CD20723786E
:104DC00011D56BB905F0E0FA0D4BC0F30742C0F303
:104DD000072118709A70C0B26422597005F0CEFA9B
:104DE0000123237010BD2BB1054B9A7859781878A0
:104DF00005F0C7FA0023F4E7A83B00208213002047
:104E0000AF3B0020124B73B51B7805460E46ABB185
:104E100045F20403ADF8043064238DF806300198A0
:104E200003F0DCF80B4BC0F30724C0F30742187003
:104E3000C1B220465C709A7004F080FCFFF7BAFFA4
:104E400031462846FFF756FD012002B070BD00BF75
:104E500081130020AC3B0020024B40F2F220196885
:104E600002F06ABDB43B002070B5C84D04462B78F3
:104E70000E463BB18B782BB10022114610462A70AA
:104E800004F05CFCB4F5F84F00F0DC8176D847F212
:104E900013039C4200F0848132D8B4F5A44F00F093
:104EA000208207D8E32C00F08B81E72C00F09F8153
:104EB000012436E145F221239C4200F09B8245F219
:104EC00023239C4200F0AD8245F202239C42EFD1A5
:104ED000B378002B00F0078100213420FDF784F81F
:104EE000AB4C0322FA213520FDF794F83520FDF76D
:104EF0002DF8207800F099FC022800F0F48007E2F9
:104F000047F627039C4200F0C78118D847F62103D3
:104F10009C4200F0108247F623039C42C8D1B3782C
:104F2000002BC5D0FFF7A2FC05F02EFA994BC0F379
:104F300007221870C0F307405A709870D3E047F604
:104F400029039C4200F09681C0F0B78147F62A03FE
:104F50009C42ADD1B378002BAAD005F0C7FA332814
:104F6000A6D8332005F0BAFAFFF702FB0446002862
:104F700040F0B9800220FFF7D9FDD2E047F61E636A
:104F80009C4200F054815DD847F602639C4200F0D9
:104F9000CA8028D8B4F5FC4F00F0A18047F6016321
:104FA0009C4285D1FFF7E4FA0446002840F09B803C
:104FB000B378002B3FF47CAF774B1D78022D7FF444
:104FC00077AFFFF701F800287FF472AF502330204D
:104FD0001A461946FCF7DAFF2A4696213020FDF7DB
:104FE00019F830209BE047F606639C4200F0BB8036
:104FF00047F607639C4200F0118147F605639C4227
:105000007FF456AFFFF7B4FA044600286BD1B378AB
:10501000002B3FF44DAF604B1B78062B7FF448AF5D
:10502000FEF7D2FF00287FF443AF502328201A4612
:105030001946FCF7ABFF022296212820FCF7EAFF75
:1050400028206CE047F64C639C4200F0B9811AD8E6
:1050500047F64A639C4200F0918147F64B639C42BD
:105060007FF426AFB378002B3DD04C4C607800F035
:105070000F00FFF711FB607800F00F00FFF7F6FA62
:10508000A11C01208BE147F654639C4200F0E380B1
:1050900047F655639C4200F0E58047F653639C4217
:1050A0007FF406AFB378F3B105F028F92D281AD1B3
:1050B0003A4E757815F00F0515D1FFF759FA0446E9
:1050C000707800F00F00002C40F08C81FFF71AFB85
:1050D000204622462146FFF71FFA03204BE7FFF741
:1050E00047FA044608B100241BE0B378002B3FF4D4
:1050F000DFAE294B1B78012B7FF4DAAEFEF764FF9D
:1051000000287FF4D5AE502331201A461946FCF70B
:105110003DFF022296213120FCF77CFF3120FCF775
:1051200015FF204670BDFFF723FA04460028DAD1A8
:10513000B378002B3FF4BCAE174B1B78032B7FF4E6
:10514000B7AEFEF741FF00287FF4B2AE50232F2008
:105150001A461946FCF71AFF022296212F20FCF767
:1051600059FF2F20DBE7FFF703FA0028BBD1B37804
:10517000002B3FF49DAE084B1B78002B7FF498AEBC
:10518000FEF722FF041C18BF0124CAE78113002088
:105190008A130020AF3B0020A83B0020B43B002036
:1051A000B478002C3FF484AE002350211A46FF202F
:1051B000FCF7ECFE0121FF20FCF700FFFF20AEE72B
:1051C000A14B187800F031FB02287FF471AE9F4BA1
:1051D0001B78DA067FF56CAEFFF7CAF900287FF47A
:1051E00067AEE320B478B4B100F020FA99E7964BAB
:1051F000187800F01AFB02287FF45AAE934B1B7804
:10520000DB067FF555AEFFF7B3F900287FF450AE0B
:10521000B478E720E7E700F01FFA49E68C4B1B78EB
:1052200003B1B3788B4A03F0010313705BE7B478E2
:10523000002C7FF458AFA82000F0F8F9A82000F067
:105240000BFA6EE7B478002C3FF432AE01F07EFE2C
:1052500006F07CFC65E7B378002B3FF444AF0123F4
:105260002B7040E7B378002B3FF43DAF62200AF08B
:105270001BF938E7B378002B3FF41AAE05F036F986
:10528000FF287FF415AEFFF773F900287FF42BAFEA
:105290000220FFF74BFC0BE6B478002C3FF408AE7D
:1052A00005F096F84F286C4D02D96423AB70EAE7FD
:1052B00005F08EF81430A87033E7B478002C3FF472
:1052C000F7AD05F085F81428634D06D80022114685
:1052D000104604F033FA0023E8E705F079F81438B3
:1052E000E9E7B378002B3FF4FEAE00213520FCF750
:1052F0007BFE554C0322FA213420FCF78BFE342030
:10530000FCF724FE207800F090FA02287FF4EBAE40
:10531000207800F08AFA30B9022000F0F7F9002076
:1053200000F0CFFDDFE6207800F07FFA02287FF45E
:10533000DAAE0020F1E7B378EBB1484C0020FFF77C
:10534000F5FB607800F00F00FFF7A6F9607800F039
:105350000F00FFF78BF90022414BA01C1A70FFF7DA
:10536000B3FA05F011F83C4BC0F307221870C0F3F4
:1053700007405A709870FFF76FFDB4E6B378002BC2
:105380003FF4B1AE354C607800F00F00FFF784F9C0
:10539000607800F00F00FFF769F90020A11CFFF70B
:1053A00025FA637860F303036370FFF755FD6078B7
:1053B00000F00F00FFF792F90020FFF7B7FB92E62D
:1053C000B378002B3FF48FAE244C607800F00F00D0
:1053D000FFF762F9607800F00F00FFF747F9A11CB2
:1053E0000220DCE7FFF742F92846FFF79FFB1C4B42
:1053F0001D7078E6B378002B7FF45AADFFF7B8F84C
:1054000000283FF455AD164B1A7832B100223146D0
:1054100045F221201A70FFF79BF80124104B1C70F5
:105420007FE6B378002B7FF443ADFFF7A1F80028A7
:105430003FF43EAD0A4B1A78002AEED000223146E6
:105440001A7045F22320E6E78A130020B83B0020BB
:10545000A83B002070130020AF3B0020B43B00208D
:105460008013002008B50020FFF760FB0022094BE5
:105470001A70094A138823F4706323F0010343F080
:1054800001031380FF239370FFF7BBF9BDE80840C9
:10549000FFF7E2BC80130020B43B002038B52E4C4F
:1054A000012220464FF4007108F01BFC4FF40073FA
:1054B0002A4DA36101221021284608F012FC102376
:1054C0002046AB6101224FF4807108F00AFC4FF4D2
:1054D0008073A36104F5006401220421204608F0D2
:1054E00000FC0423A36104F04FFF1D4BC0F307220F
:1054F0001870C0F307405A70987020224FF4004192
:105500004FF0804008F0EDFB4FF080431B69154AD7
:10551000C3F3C03340F2F220137002F0A7F9124C2B
:10552000206008B9FFF79EFF607800F00F00FFF7DA
:10553000BFF8FF22C821FA20FCF76CFDFA20FCF727
:1055400005FDFF22C821FB20FCF764FDFB20FCF7D2
:10555000FDFC012038BD00BF0004004000080040F1
:10556000AF3B002071130020B43B002005207047A2
:1055700004280DD805290BD80E2A09D85A23C1EBC7
:10558000011103FB0010034B104433F81000704767
:1055900001207047EEFD000805207047042808D858
:1055A00039B9054B82F0010202EB400233F81200D8
:1055B00070470120704700BFDAFD0008A0F5807336
:1055C000B3F5F85F10B526D210F4805F00F40074D4
:1055D00000F4807300F4806100F400620DD0002BB1
:1055E0000CBF002010200CB140F0200009B140F0A9
:1055F00040000AB140F0800010BD181C18BF012007
:105600000CB140F0020009B140F00400002AF3D0D0
:1056100040F00800F0E70020EEE710B50C46FFF779
:10562000CDFF2346BDE8104018470000A0F1E0037D
:10563000072B10B5044600D940B920460449FFF7AE
:10564000ECFFE0B2BDE81040FDF74CBA0149F6E7C7
:10565000452C0008F52C000810B50446C0B2FDF733
:10566000A3FAA4F1E003072B00D92CB90349204683
:10567000BDE81040FFF7D1BF0149F8E79D2C0008B5
:105680004D2D000801207047704708B5FFF7FCFF5B
:1056900008BD000013B502AB03E903000F4B1B78F4
:1056A000B3B99DF80230009873B16AB100F0BCFC48
:1056B00004460146009800F077FC2046009902B0AD
:1056C000BDE8104001F030BB00F08EFC0446F4E76A
:1056D000009800F0A9FC0099F1E700BF89130020B1
:1056E000034610B400885C880A4640EA0440998862
:1056F00010BCFFF7CFBF0120704710B50446002152
:10570000FFF7EEFF2146FFF7C0FF10BD10B50124E3
:105710008440E4B2204601F0D4F82046BDE81040B1
:1057200000F0A3BB704708B500F03AFBFFF7FAFFA3
:10573000BDE8084046F2A81007F021B908B5FFF708
:10574000F2FFBDE8084006F001BA08B5FFF7EBFF2D
:10575000BDE8084006F022BA38B501210546FFF73A
:10576000BFFF2946044605F05BF808B9002038BDA4
:1057700029462046FEF77AFA0028F7D02946204627
:1057800005F050FE0028F1D02946204605F0DEF94C
:105790000028EBD02946204605F0C2FD0028E5D0C0
:1057A0002946204604F0EAFE0028DFD0294620469C
:1057B00005F086FE0028D9D0AB785BB147F60343ED
:1057C0009C421DD00AD8B4F5F84F16D047F60143D5
:1057D0009C4217D02846FFF755FFC8E747F65B43C2
:1057E0009C4215D047F65C439C420ED047F65A4384
:1057F0009C42EFD101F040F8ECE7FFF79FFFB5E7DF
:1058000001F041F8FFF7A1FFB0E701F029F8E1E767
:1058100001F035F8DEE708B500F02EF8002004F0BE
:1058200005FDBDE80840FEF711BA03091CBF184684
:10583000042382081EBF10460233DBB242081CBF9D
:105840000133DBB21846704770470120704770473C
:1058500038B50546FFF7F9FF044610B12846FFF7B3
:10586000F6FF204638BD704710B50446FFF7ECFF41
:105870002046FFF7EDFF10BD08B505F089FFFFF7E3
:10588000F3FF08BD10B505F083FF074B04461A78F7
:10589000824207D0187006F0FBF8044B18602046CF
:1058A000FFF7E2FF10BD00BF881300208413002023
:1058B00010B586B06C4684E803009DF802300BB149
:1058C00000F010FF0023ADF8163094E80300ADF8A7
:1058D000141089B20490ADF80C0004AC29B994E816
:1058E000030000F037FE06B010BD4FF6FF73BDF8A1
:1058F0000C209A42F3D02046FFF7FDFE0028EED19F
:10590000F1E7008800F0B2BB704738B505460C4699
:10591000FDF7E8F81CB92846FDF746F938BD6420C4
:10592000013C07F02CF8A4B2F4E708B539280CBF05
:1059300050210A21FFF7E9FF08BD00002DE9F047DB
:10594000877981460C46857800F096FE3F098046AF
:1059500000B3A846F5B1C4F3072303F0F002402AD0
:1059600009D004F12002D2B2072A25D91FB903F0C9
:10597000E003202B23D0AE4B93F8018018F00408ED
:1059800008D0022000F038FF00F076FE80F0010021
:105990005FFA80F8C4F303330B2B41D8DFE813F030
:1059A0001100110062006200CE0040004000400083
:1059B000E4003F01510151014FF00008EAE7B84609
:1059C000E8E7C4F30723C4F3032613F0F00F18BF6E
:1059D0003601E7B295B156B107F12003DBB2072BD0
:1059E000304600D93FB900F057FE00F0ABFE384614
:1059F000FDF778F814E000F065FEF6E73846FDF7AD
:105A0000D3F86EB107F12003DBB2072B304600D983
:105A100017B900F049FE01E000F05CFE00F092FED4
:105A2000C4F30334083C032C03D805F0B1FEFFF7A0
:105A30001BFFB8F1000F00F05C8100F015FE10F0C4
:105A4000010040F0568189F8020000F005FE00F0E8
:105A50003FFA484600F064F900F0FEFDBDE8F0476B
:105A600000F042BAC4F3072303F0F003C4F30326A3
:105A7000202B5FFA84FA18BF3601BAF1000F0FD05D
:105A8000BAF1010F41D0002D49D0002F40D099F834
:105A90000630DA0741D56FF3071389F8063037E08F
:105AA000634B5B7859070FD43DB126B1304600F007
:105AB000F3FD00F047FE00209AE72846FDF774F852
:105AC000002EADD03046A4E785B137B900F010FE06
:105AD0003043C0B2FDF7B6F8A2E7012FF6D100F0CF
:105AE00007FE3043C0B200F00FFE99E72FB900F077
:105AF0001DFE3046FDF7D2F892E7012F90D03046D8
:105B0000FDF7CCF800F012FE8AE71DB1052F87D80B
:105B10003046DFE7042F83D8EBE7504668E7002FD5
:105B2000E7D0BAF1390F0CBF4FF4FA504FF47A7046
:105B300006F025FF5046FDF737F871E7C4F38123DF
:105B400043B1012B7FF46CAF65B1C4F3090005F0DC
:105B50005FFE65E725B1C4F3090005F03DFE5FE790
:105B60002846FAE72846F2E714F4407F27D1002DB3
:105B70007FF456AFC4F34210820014F010001EBF31
:105B80000F209040C04304F00F0303FA02F3C4F364
:105B9000812218BFC0B2DBB2022A40EA030008D05B
:105BA0000AD8012A02D000F06BF939E700F060F959
:105BB00036E700F06DF933E700F057F930E7C4F34A
:105BC0000122D3B205B302F00103002B3FF428AF4A
:105BD000C4F34210820014F010001EBF0F2090404A
:105BE000C04304F00F0303FA02F3C4F3812218BF89
:105BF000C0B2DBB2022A40EA03000AD00CD8012A64
:105C000004D000F091F90BE75B08DEE700F084F9BF
:105C100006E700F091F903E700F048F900E7E7B282
:105C2000C4F3032635B1304600F052F9384651E747
:105C3000B83B00203846FDF731F8304600F054F903
:105C4000EEE6E6B2A6F1F003042B3DD8DFE803F060
:105C500003220E151E003DB1042F3FF6E1AEC4F342
:105C6000042000F04DF9DBE6052FF6E7C4F304202D
:105C7000002DE3D100F02CF9D2E625B1C4F30420C5
:105C800000F01FF9CCE600F019F9C9E61A4B5B7871
:105C90005B0704D4C4F30420002DCFD0EAE74DB154
:105CA000C4F30425284600F013F90321284600F028
:105CB0007FFDB5E6012000F09FFD012F7FF6B0AE1D
:105CC000022000F099FDABE62DB10FB130468FE612
:105CD000C4F30420CEE74FB1392E0CBF4FF4FA5075
:105CE0004FF47A7006F04BFE304624E7C4F30420EC
:105CF000A4E7BDE8F08700BFB83B002038B50188B5
:105D00000446807800F0BEF9054600F01DF900F069
:105D1000ABF829462046BDE83840FFF70FBE00002B
:105D200037B5858804460146022201A8FAF728FC07
:105D3000F5B14FF6FF73BDF804209A4218D0204603
:105D4000FFF70AFD70B900F097FC88B1A3787BB12A
:105D5000084B5B785B070BD5022003B0BDE83040F1
:105D600000F04ABD2046FFF7C9FF2046FFF7C5FCFB
:105D700003B030BDB83B002008B5002005F02CFD75
:105D8000002005F045FD00F0ADFCBDE8084000F046
:105D9000D9BC08B500F05AFCBDE80840FFF7ECBFDD
:105DA00008B500F089FCBDE80840FFF7F2BFC0F37A
:105DB00003320E3202F00F02092A10B5C4B21BD80A
:105DC000012101FA02F340F20332134203D113F02E
:105DD00010000DD110BDF02C10D004D8E72C8CBFD2
:105DE00000200120F6E7F42C14BF00200120F1E789
:105DF000E72C03D9F12CF7E70020EBE70846E9E7A9
:105E000037B5858804460146022201A8FAF7B8FB97
:105E10006DB14FF6FF73BDF804209A4207D0208879
:105E200000F024F903B0BDE83040FFF7C0BF002008
:105E300003B030BD82B002AB03E9030002B070478B
:105E400082B002AB03E9030002B07047704708B5A7
:105E5000FFF7FCFF08BD000008B5FFF7F8FF014B96
:105E6000187008BD8A1300207047FFF7F5BF0000C7
:105E7000024B1B781843FFF7EFBF00BF8A130020C7
:105E8000024B1B781840FFF7E7BF00BF8A130020C2
:105E9000024B1B785840FFF7DFBF00BF8A1300207A
:105EA000704708B5FFF7FCFF08BD000008B5FFF715
:105EB000F8FF014B187008BD8E1300200020FFF77B
:105EC000F5BF012303FA00F0C0B2FFF7EFBF0000F7
:105ED000012303FA00F0034B1B781843C0B2FFF70D
:105EE000E5BF00BF8E130020012303FA00F0034B2F
:105EF0001B7823EA0000FFF7D9BF00BF8E130020F4
:105F0000012303FA00F0034B1B785840C0B2FFF79F
:105F1000CDBF00BF8E130020024B1B781843FFF744
:105F2000C5BF00BF8E130020024B1B781840FFF73F
:105F3000BDBF00BF8E130020024B1B785840FFF7F7
:105F4000B5BF00BF8E130020704701F00703C908DA
:105F500030B501EB4101012401390A4400219C4084
:105F6000E4B212F8015F20FA01F343F300036B403F
:105F7000234001316B4003291370F2D130BD002260
:105F800010B500F00704C00800EB400001441046C3
:105F90008B5CE34003F00103934001321843032A72
:105FA000C0B2F5D110BD000082B0ADF804000B46C0
:105FB000C1B2C0F3072005280AD80E290ED8C0EBBD
:105FC00000100144064A89B2184602B0FFF7BDBF6F
:105FD0000430C0B2012801D8024AF5E702B0704788
:105FE0008F1300208B13002082B0ADF80400C3B2E1
:105FF000C0F30720052809D80E2B0ED8C0EB0010DF
:106000001844074980B202B0FFF7B9BF0430C0B2EC
:10601000012802D803491846F5E7002002B070476E
:106020008F1300208B13002073B504240D4BADF8A3
:1060300004001E780C4B1B781E4346FA04F3DB0762
:10604000E5B206D414F1FF34F7D20025284602B099
:1060500070BD0199284600F086FE80B20128F1D07B
:10606000F4E700BF8E1300208A13002007B5ADF8B7
:1060700004000198FFF7D8FF019903B05DF804EB25
:1060800000F071BE13B5104BADF804101B782BB1A6
:10609000019802B0BDE81040FFF7E8BF70B1019869
:1060A000FFF7C2FF044601460198FFF77DFF204637
:1060B000019902B0BDE8104000F055BE0198FFF70D
:1060C00093FF0446F3E700BF8913002010B50124B5
:1060D00004FA02F204FA01F11143C9B231EA0002F2
:1060E00004FA03F306BF1843C0B2984310BD000082
:1060F00008B513460A46014603480078FFF7E6FF55
:10610000BDE80840FFF7D2BE8E130020F8B50C4B57
:106110000C4E1C780C4D3378A34200D1F8BD05EB32
:10612000C40335F834005F889A88D98840EA07406C
:1061300042EA01410134FFF783FE04F00704EAE775
:10614000FD130020FC130020BC130020064B10B4EC
:1061500018885C889A88D98840EA044042EA01415C
:1061600010BCFFF76DBE00BFB413002084B0ADF8C3
:106170000C0049B14FF6FF7380B2C31A5842584120
:1061800080F0010004B070470120F9E7F0B50D4B35
:106190000D4C1B7826780D4CB34201D10020F0BD88
:1061A00004EBC3056F788F4206D114F83370874231
:1061B00002D1AD78954203D1013303F00703EBE739
:1061C0000120ECE7FD130020FC130020BC1300208D
:1061D0001F4A2DE9F843937913F0F00F0DD193780E
:1061E0005BB11C4B95881C781B4B92F801801F7883
:1061F00092F80090194EBC4201D1BDE8F8832946BF
:106200001088FFF7B3FFF8B106EBC4035978414596
:106210001AD116F83410494516D19978A1B9998840
:10622000491B89B2C7290FD80121907961F3071062
:1062300090719A79064861F307129A71FFF770FD21
:10624000BDE8F843FFF762BF013404F00704D2E76A
:10625000B4130020FD130020FC130020BC13002009
:106260002DE9F04FBA4D89B001460446062202A836
:10627000FAF786F9AB882A88194610460193FFF78A
:1062800075FFA7780090AB46002800F04C81B4F869
:1062900004A0019BAE78AAEB030394F8009094F855
:1062A000018099B2002E00F0F980A879C72900F08A
:1062B000F00300F2B6802188002B7CD18A423E4652
:1062C0000FD177B9012363F30710A871FFF73EFFE1
:1062D0002846FFF725FDAB79A371304609B0BDE82C
:1062E000F08F8DF818908DF8198051460698FFF7B9
:1062F0003DFF28B127B93A4641464846FFF746FFD9
:106300008DF818908DF8198051460698FFF72EFFEA
:10631000054618B9002F3DD10026DEE7002F39D100
:106320003A4641464846FFF731FF06460028F3D17A
:106330008DF808908DF809800298FFF797FEC0F35A
:1063400003310B2913D801228A4012F4406FC3B2E3
:106350001AD112F00C0F0FD1910708D010F4706F02
:1063600001D0002BB9D02033DBB2072BB5D92046A2
:10637000FFF7D6FC2E46B0E710F4706FF3D0A27989
:1063800012F0F00FEFD1A8E7EF2BA6D90F33DBB255
:10639000022BEBE79BF806306D4843F001038BF8C6
:1063A0000630FFF7BDFC082200216948FAF75EF9C4
:1063B000FFF7CCFEB0E78A420CD15FB9A07120464E
:1063C000FFF7AEFC082221462846FAF7D9F8FFF776
:1063D000BDFE82E72046FFF713FDE8B1E7B19BF869
:1063E00006301F2B0DD9BBF80020ADF814A0ADF876
:1063F000102000228DF816308DF8122004A8FFF727
:106400008FFC082221465248FAF7BAF8FFF7E0FE5F
:10641000FFF79CFE009E60E72046FFF781FC012607
:106420005BE7ABB900938DF80A7002ABADF80CA036
:106430008DF808908DF8098093E80300FFF7FAFCC7
:106440002846FFF76DFC009B082219462846ADE759
:1064500023889A420AD14FB9A0712046FFF760FC09
:10646000082239462846FAF701F936E72046FFF7B1
:10647000C7FC0028D0D0002FCED09BF806301F2BB1
:10648000BFD9BBF80020ADF81CA0ADF81820002241
:106490008DF81E308DF81A2006A8B0E7C7292FD82E
:1064A0003E46002FB8D023889A421CD1AB79DA0738
:1064B00013D413F0F00210D0F02AA37106D0DBB28F
:1064C000C3F30312013262F30713A3712046FFF7EF
:1064D00027FC082221461E4877E7082221461C484F
:1064E000FAF74EF8F9E62046FFF78AFC002888D133
:1064F000AB79204643F00103AB71FFF711FCECE6EA
:106500008DF80A70ADF80CA08DF808908DF8098010
:1065100002AB93E80300FFF78DFC082231462846C2
:10652000FAF7A4F853E7002F3FF476AF2046FFF7C1
:1065300067FC064600283FF46FAF08222146284634
:10654000FAF71EF82846FFF7DCF9FFF741FE3EE7B1
:10655000B4130020F0B587B06C4684E803002046F1
:10656000FFF77EFE2D4E07462D4D58B1BDF80410A5
:106570000098FFF7FBFD18B194E80300FFF760FCFB
:10658000284C45E004AB94E8030083E80300BDF821
:106590000420BDF81010ADF80C10002AF0D04FF612
:1065A000FF7289B29142EBD030782A78441C04F013
:1065B000070494420AD019461A4B082203EBC00084
:1065C000F9F7DEFF3470FFF7A1FDD9E7FFF7E8FB2D
:1065D00008223946144837702F70FAF747F8CFE78A
:1065E00004EBC000FFF73CFEB0B12B7834F8330069
:1065F00004EBC3035F889A88D98840EA074042EADF
:106600000141FFF71DFC2B78013303F007032B70CA
:10661000287833788342E3D107B0F0BDFC13002023
:10662000FD130020BC130020B4130020024B0146D0
:10663000186805F08FB900BFB40F0020024B014667
:10664000186805F09FB900BFB40F0020014B18680F
:1066500005F0B0B9B40F0020024B93F90000C0F36D
:10666000C70070473E140020024B187800F0070066
:10667000704700BF3E140020034B187810F007004D
:1066800018BF0120704700BF3E140020014B18784E
:10669000704700BF40140020024A1378184310705E
:1066A000704700BF40140020024A137823EA00001C
:1066B00010707047401400200022014B1A70704780
:1066C00040140020024A137818431070704700BF2E
:1066D00041140020024A137823EA0000107070472A
:1066E000411400200022014B1A7070474114002011
:1066F000014B1878704700BF3F140020704708B561
:10670000FFF7FCFF08BD000008B5064B5B785B0790
:1067100006D5054B1978814202D01870FFF7EFFFBC
:1067200008BD00BFB83B00203F14002008B5044B53
:106730001A781AB100201870FFF7E1FF08BD00BFFA
:106740003F14002010B5124B12491B780978124CE7
:106750000B43124920680978037031B10B43037071
:1067600005F072F808B1FFF7E1FF246820220C4918
:106770002046F9F7D5FE48B1214620220848F9F70E
:10678000FFFE2046BDE8104005F00EB810BD00BF6A
:106790004014002041140020B40F00203F140020BA
:1067A0001E140020704708B5FFF7FCFF08BD00006D
:1067B0000A4A10B5527852070CD5094C41EAC0017B
:1067C0002170FFF785FB94F90000C0F3C700FFF7C5
:1067D000EAFF10BDBDE81040FFF77ABBB83B0020D0
:1067E0003E140020002008B5024B1870FFF7DBFFB5
:1067F00008BD00BF3E14002008B50C4A92F90030D5
:1068000023EA000040B2107042070ED1DBB283428F
:106810000BD0074B5B785B0707D5C0F3C700FFF7CA
:1068200063FBBDE80840FFF7DDBF08BD3E14002054
:10683000B83B0020094A08B55378C3F38001814270
:106840000AD060F382035370108800F041F8BDE86D
:1068500008400220FFF7D0BF08BD00BFB83B0020B2
:10686000044B5878C0F3800080F0010000F0010074
:10687000FFF7E0BFB83B00200120FFF7DBBF00209F
:10688000FFF7D8BF704708B501F066F8BDE80840CB
:106890004FF6FF71002001F041B808B5002000F06C
:1068A000D6FF4FF6E763984203D1BDE8084003F0F6
:1068B00053BF002008BD022000F0BABF032000F043
:1068C000B7BF0146032001F01BB8042000F0BFBF92
:1068D0000146042001F022B80F2000F0C7BF014696
:1068E0000F2001F029B808B50020FFF7F8FFFFF7E7
:1068F000C9FF08BD01460E2001F002B810B50446DC
:106900004FF43971132001F017F82046BDE810400C
:106910004FF43972222100F0D9BF000010B50024D5
:1069200001F01AF84FF6E761002000F0F7FF0021B0
:10693000022000F0E5FF0021032000F0E1FF1A4BE8
:106940004FF4A05104201C7000F0E8FF21460620FF
:1069500000F0D6FFFF21072000F0D2FF21460820DB
:1069600000F0EAFF21460D2000F0CAFF2146182062
:1069700000F0E2FF2146172000F0C2FF21461C2054
:1069800000F0DAFF2146202000F0C8FF2146182041
:1069900000F0D2FFFDF7DEFE204603F0F5FE03F027
:1069A0001EFFFFF7A0FF10BD8A130020FFF7B6BF40
:1069B00037B505F0A7F80D4C05462388834212D061
:1069C0004FF6FF73ADF8003000238DF8023005F06C
:1069D00099F840F00100ADF8040002AB13E90300A0
:1069E000FEF766FF258003B030BD00BF50140020C5
:1069F00008B505F04DF8024B1860024B186008BD51
:106A0000481400204C14002008B505F041F8024B52
:106A10001860024B186008BD481400204414002080
:106A2000704770470120704708B5054800F088FAA4
:106A300000F090FFFFF7F4FFFBF7E2FB08BD00BF9B
:106A4000396F00080120704708B5FFF7FBFF08BD4C
:106A500008B5FCF7FDFAFDF7B7F808BD08B500F07A
:106A60008FFAFEF700FFBDE8084003F087BB08B5CA
:106A700005F00CF803F0C3FE04F0DAF900F050FB67
:106A8000FFF7ECFFFCF79AFF08BD00002DE9F04F7F
:106A900085B0FFF7C7FF68B9FFF78AFF03F036F844
:106AA00004F0F8F908B1FFF7AFFF05B0BDE8F04F0B
:106AB000FEF7E8BE2D4F00F04DFB3E460024E0B24D
:106AC00036F8025B00F086FA052C4BD0854204F1C3
:106AD0000104F4D0264B1B789B0701D500F080FA07
:106AE000FFF7B2FF002600900DF1080A5FFA86F961
:106AF000484600F06FFA37F8028B834640452BD0AA
:106B00000024012580EA080815EA080F1CD0009B24
:106B10001BEA050F14BF012200228BB18DF80A2059
:106B200001928DF808408DF8099004F0EBFF40F0D9
:106B30000100ADF80C009AE80300FEF7B9FE019AD7
:106B40002146484602F050FF0134E4B26D000F2C9C
:106B5000ADB2D9D127F802BC0136062EC6D1FFF757
:106B600047FF9BE78542B5D196E700BF521400204E
:106B70005E14002038B500F001F9B0F5A04F0446CE
:106B800022D2B0F5804F77D2DF2812D8CD2861D23B
:106B9000A7280AD8A5284ED2012804D003B233B1C1
:106BA000032898BF0024204638BDC2284AD90024B3
:106BB000F9E7B0F5005F80F0A280B0F5807F4DD29C
:106BC000E82828BF0024EEE745F25F23984216D854
:106BD00045F2402398425FD245F21F23984254D891
:106BE000B0F5A44F7CD30123C4B2A00804F0030481
:106BF00003FA04F444EA401444F40D442CE045F252
:106C00009F23984207D8B0F5A54F52D300F01F0438
:106C10004AF2F4003DE045F2BF23984256D945F2CE
:106C2000DF239842C3D8040204F4F85444F4204407
:106C300044F0F004B7E75B34394BE4B21C5D44F434
:106C40008044B0E75834374BE4B233F8144044F48E
:106C50008844A8E740F4A044A4B2A4E7C0F3072006
:106C600000F014F90546E0B200F088F82D0205F4B2
:106C7000F855284384B296E7C0B200F07FF804F4D8
:106C80007064044344F42044E6E700F01F044AF231
:106C9000F10040EA042486E70123C4B2C4F3820071
:106CA00004F0030403FA04F444EA401444F40C44EA
:106CB000D2E70123C4B2C4F3820004F0030403FA50
:106CC00004F444EA401444F40A44C5E700F01F0009
:106CD00000F0DCF8040204F4F85444F4005462E7D1
:106CE00000F01F0000F0D2F8C306C4F3431448BFFD
:106CF0000001240200B2044344F41044ACE7C0F3A2
:106D0000042000F0C3F80546E0B200F037F82D0289
:106D100005F4F85545EA000444F400549CE700BF2C
:106D2000420401084604010882B0ADF80410CBB259
:106D3000C1F30721052905D80E2B11D81A4602B038
:106D400004F044BAFD2905D153B90122194602B015
:106D500004F049BAFC2903D113B91A461946F6E7DB
:106D6000002002B0704707B5ADF804100199FFF795
:106D7000DBFF03B05DF804EBFFF7FCBE822825D0F3
:106D80000CD8312867D004D829285AD02A2869D0AD
:106D90007047352850D0392818D07047E32833D0B1
:106DA00004D8E0281CD0E22829D07047E62835D046
:106DB000E72838D0E42835D1334B5A78910731D5BC
:106DC0001B7813F0100F08BFE72015E02E4B1A7840
:106DD000920752D15B7813F0080F18BF2920704733
:106DE000294A1378D90744D4527812F0010F19D0E8
:106DF00013F0100F08BFE32018BF00207047224B8C
:106E00001B7813F0040FF2E71F4A1378590732D4A6
:106E10005278D20731D413F0100FEDE71A4B1B78DC
:106E20001A07CED47047184A1378190727D4527816
:106E30009107F0D5E4207047134B1B7813F0200F17
:106E4000CBE7114B1A7892061BD45B7813F0080F2E
:106E500018BF392070470C4B1B7813F0400F18BF38
:106E60002A207047084B1B7813F0400F18BF3120C1
:106E7000704739207047E2207047E0207047E620D5
:106E800070473520CEE700BFB83B0020294B1A7869
:106E9000510707D500F01801082927D100F0F700A5
:106EA00040F00400110707D500F01801182926D179
:106EB00000F0E70040F014005B78D90707D500F038
:106EC0001801082924D100F0F70040F001009907CB
:106ED00007D500F01803182B23D100F0E70040F08D
:106EE0001100D30648BF00F0E700704700F014011E
:106EF000042904BF00F0FB0040F00800D2E700F0D6
:106F00001401142904BF00F0EB0040F01800D3E78F
:106F100000F01101012904BF00F0FE0040F008005C
:106F2000D5E700F01103112B04BF00F0EE0040F094
:106F30001800D6E7B83B00200020704700207047BB
:106F4000014B1860704700BFB80F0020FFF79BBCD3
:106F500008B500F0FFF8C82005F011FD00F0FAF8C0
:106F6000002000F037F8C30705D5FFF7EFFFBDE8B5
:106F7000084004F0EBBD08BD08B5FFF7E9FF08BD08
:106F800008B5FFF78AFC08B9FFF710FDFFF793FC7F
:106F9000084B1870FFF799FC074B1880FFF7ECFFC0
:106FA000FFF78CFCFEF761FF044B1878BDE8084042
:106FB000FEF777BF5E140020B83B00208E13002040
:106FC000704708B5FFF7FCFF08BD704708B5FFF72D
:106FD000FCFF08BD014B33F810007047C63B002092
:106FE00070474FF4076005F003BB00BF00BF00BF50
:106FF00000BF00BF00BF00BF00BF00BF00BF00BF99
:1070000000BF00BF00BF00BF00BF00BF00BF704790
:1070100008B5FFF7E6FF08BD08B5302383F31188F4
:10702000012100F00F039940202220F00F0006F00C
:1070300058FE002383F3118808BD000038B50F24E3
:107040000B4D55F8040B421C01D0FFF7E5FF013C46
:1070500014F0FF04F5D10624064D55F8040B431C2B
:1070600001D0FFF7D9FF013C14F0FF04F5D138BD82
:107070007C040108B80401082DE9F843264D0E46AA
:1070800055F8211080464B1C174642D0302383F31D
:107090001188012221F00F0901F00F0102FA01F419
:1070A00021464846240406F01CFEC9F81840002476
:1070B00084F31188FFF799FF6FEA070C1748A8F1CE
:1070C000020208F10A0850F8041B32F8023FB1F13D
:1070D000FF3F1AD021F00F0EDEF810E001F00F0193
:1070E0002EFA01F1C90710D401243B4313809045C7
:1070F000E9D155F82600431C01D0FFF78DFF21464A
:107100003046BDE8F843FFF783BF0CEA0303138062
:10711000EDE7BDE8F88300BF7C040108B80401086E
:1071200010B50C24FFF78AFF224600210748F9F723
:107130009DFA224600210648F9F798FA062000F049
:1071400039F8BDE81040FFF73CBF00BFC63B002048
:10715000BA3B002030B50024012585B0019402948B
:1071600003942A46E1B201A80134FFF785FF6D00C0
:107170000F2CADB2F5D10C2201A90C48F9F7D0F9CA
:10718000002814BF0124002404D00C2201A90748C0
:10719000F9F7F6F9234606220549044800F00CF8F1
:1071A0000446FFF713FF204605B030BDBA3B002070
:1071B000C63B0020704700002DE9F04180460F4695
:1071C0001546124E2BB10123337004F061FC104BB5
:1071D000186034781CB900242046BDE8F0810C4BBF
:1071E000186804F09BFC0028F5D06D002A46414643
:1071F0003846F9F795F938B12A4641463846F9F745
:10720000BFF900233370E7E70446FAE75F14002074
:107210006014002008B504F091FFFFF728FCBDE8DA
:10722000084004F0A1BF08B504F0A4FFFFF72EFC4E
:10723000BDE8084004F0A0BF08B504F0F6FB04F078
:107240007BFFFFF7F1FBFFF7E5FFFFF7ECFFFFF731
:10725000FFFBFAE70346DA680846511C10B4D96010
:1072600019698A4207D21C681CB15968234610BCB0
:1072700018479B68985410BC70472DE9F047DDF81B
:107280002090054619F0030F8A4614461F46D0F891
:107290000C800FD0544454450ED119F0020F15D173
:1072A000BDE8F08720212846FFF7D4FF0136BE4213
:1072B000F8D3EFE71646FAE714F8011D2846FFF762
:1072C000C9FFE8E720212846FFF7C4FFEB68A3EBDE
:1072D0000803BB42F6D3E3E72DE9F04F8BB09646A7
:1072E000DDF85080159E169C02AFF1B9250517D424
:1072F000302201218DF8082024F01004A20761D467
:1073000004F0010546B1002D5CD0BEF1000F02D1A2
:1073100014F00C0F00D0013E0A464FF0300C28E06C
:10732000102BEBD124F01004E8E714F0200F8C466A
:107330003A464FF0000114BF4FF0370A4FF0570A9A
:10734000BCFBF3F903FB19CB5FFA8BF5BBF1090F1B
:1073500094BF30355544EDB2634501F1010102F8A7
:10736000015BCBD82029C9D0CC46E9E702F807C099
:1073700001321DB1964201D9202AF7D1302501E012
:10738000D5550132904501D9202AF9D1082B03D1D6
:10739000914238BF24F0100442F210052C4244D030
:1073A00025052ED46AB3904501D0964229D1914249
:1073B0004ED2013A25D0102B20D0022B2DD1914254
:1073C0001ED303E00A46D9E7022B26D11F2A37D85D
:1073D0000AAB134462211DE01F2A31D80AAB1344C3
:1073E000582117E0610703D50AAB13442B2124E091
:1073F000230725D50AAB134420211EE0914202D277
:10740000013A102BE0D1A506E6D41F2A18D878211E
:107410000AAB134403F8201C01321F2A10D8302174
:107420000AAB134403F8201C01321F2A08D8BEF10E
:10743000000FD7D02D210AAB134403F8201C0132D2
:10744000009433463946FFF718FF0BB0BDE8F08FC4
:10745000102BB2D1D7E700002DE9F04F07460E46BA
:10746000154687B0317881B93B6853B93A6942B162
:10747000B96831B1FB689A4298BF02F1FF3300222C
:10748000CA54F86807B0BDE8F08F252906F1010657
:1074900003D03846FFF7DEFEE4E7002406E02D2B9C
:1074A00016D0302B0CD144F001041646324612F8A7
:1074B000013B2B2B0FD0F2D8202B0FD0232B10D039
:1074C000A3F1300109292AD84FF000080A2010E062
:1074D00044F00204E9E744F00404E6E744F0080459
:1074E000E3E744F01004E0E7164600FB0838A8F193
:1074F0003008324612F8013BA3F130010929F3D9D3
:1075000033782E2B4AD17278731CA2F130010929ED
:1075100044F400643AD84FF000090A2614E02A2BFC
:107520000AD155F8048B1646B8F1000FBCBF44F0E1
:107530000204C8F10008E3E74FF00008E0E70B465B
:1075400006FB0929A9F13009194611F8012BA2F10E
:1075500030000928F3D91E4616F8012B6C2A28D0D2
:1075600020D8682A2CD06A2A33D01E4616F8011B70
:10757000692936D063D8622900F030812CD82529BA
:1075800087D0582985D144F0200474E02A2A06D1F6
:1075900055F8043B23EAE379B31CDCE733464FF0AC
:1075A0000009D8E7742A01D07A2ADED144F40074A5
:1075B000DCE75A786C2AF9D144F4C0649E1CD5E704
:1075C0005A78682A02D044F08004CFE744F0C0041F
:1075D000F4E744F48064C9E7632978D064297FF430
:1075E00058AF782944F4804445D05829CBD06F292E
:1075F00000F0F280622900F0F1800A2324F01004E8
:10760000200548BF24F00104610404F480623ED5E3
:10761000002A7FF427AFA20505F1040A2DD52968B9
:1076200000294FEAD1720294CDF80480CDF8009081
:10763000B8BF49423846FFF74FFE554612E7732957
:1076400069D013D86F2900F0C78070297FF421AF6B
:1076500055F8041B44F4005444F00104002940F0A0
:10766000B08000940A2305225D495DE07529C4D0ED
:1076700078297FF40EAF1023C2E714F0400F296879
:1076800001D049B2CCE7200648BF09B2C8E7002ABA
:107690007FF4E8AEA10524F00C0005F1040A06D53C
:1076A0000290CDF80480CDF800902968C2E714F06C
:1076B000400F296807D0C9B20290CDF80480CDF8F8
:1076C00000900022B6E7220648BF89B2F4E714F022
:1076D00002041ED04FF0010955F8041B3846C9B208
:1076E000FFF7B8FD002C3FF4BDAEC8457FF6BAAE3B
:1076F00020213846FFF7AEFD09F10109F5E7202109
:107700003846FFF7A7FD4B46984503F10109F6D827
:10771000E2E70123F8E755F804BBBBF1000F07D1FE
:10772000434606222F4900943846FFF7A6FD99E606
:10773000B9F1000F14BF4A466FF00042DA465A44CE
:107740009AF8001009B1524513D114F40063AAEB62
:107750000B0A049302D0CA4528BFCA4614F002049B
:1077600004D1D0450AF1010206D892460BF1FF324E
:107770000FE00AF1010AE3E7202138460592FFF7FE
:1077800069FD059A9246ECE738460592FFF762FDDF
:10779000059A12F8011F39B1049B002BF4D0A9EB14
:1077A00002001BEB000FEFD1002C3FF45BAED04585
:1077B0007FF658AE20213846FFF74CFD0AF1010A4A
:1077C000F5E70A2302940193CDF8009010230022DC
:1077D0003846FFF781FD45E6082311E702230FE74E
:1077E000D7040108D004010810B51446002200296E
:1077F000B8BF6FF00041002808BF114686B0019263
:1078000002920390049205911A46214601A8FFF7BF
:1078100023FE06B010BD0CB407B504AB53F8042B1F
:107820000193FFF7E1FF03B05DF804EB02B070478E
:10783000002307B5014601220DF107008DF807303E
:1078400000F08CF89DF8070003B05DF804FB0023FE
:1078500007B5014602220DF10600ADF8063000F032
:107860007DF8BDF8060003B05DF804FB07B50422FF
:10787000002301460DEB0200019300F06FF8019820
:1078800003B05DF804FB07B501228DF8071001462F
:107890000DF1070000F067F803B05DF804FB07B5D1
:1078A0000222ADF8061001460DF1060000F05BF86B
:1078B00003B05DF804FB07B50422019101460DEB0E
:1078C000020000F050F803B05DF804FBF8B505467F
:1078D0001446D31D23F0070300AFADEB030D68463C
:1078E0000E4600F03BF8224669462846F8F718FE97
:1078F00020B122463146284600F035F8BD46F8BD95
:1079000038B50C460546FFF793FFA04205D0214647
:107910002846BDE83840FFF7B6BF38BD38B50C463D
:107920000546FFF794FFA04205D021462846BDE852
:107930003840FFF7B4BF38BD38B50C460546FFF7F1
:1079400095FFA04205D021462846BDE83840FFF704
:10795000B2BF38BD00F01CB900F03CB80B46014680
:10796000184600F051B80B460146184600F09EB884
:1079700008B5064B4FF4805218460021F8F776FE02
:1079800041F2080200F580531A6008BD6814002017
:1079900038B541F20404054D2B5D2BB900F071F9A7
:1079A00008B10120285538BD0220FCE768140020EA
:1079B00038B541F20404064D2B5D33B100F06BF98C
:1079C00010B1002301202B5538BD0220FCE700BF79
:1079D0006814002038B5FFF7DBFF044618B9FFF73D
:1079E000E7FF204638BD00F04EF90546FFF7C0FF1F
:1079F000012C06D1FFF7DCFF00280CBF002505F0A5
:107A000001052C46EDE7000008B503460846991825
:107A1000B1F5805F05D804491944F8F7B1FD01209C
:107A200008BD0020FCE700BF681400200000000033
:107A300038B5FFF7ADFF4FF400720546104900203E
:107A400000F046F970B10CA3D3E900234FF4805144
:107A50000B4803F03EF802460B464FF4805000F00E
:107A600070F930B90024012D01D1FFF7A1FF2046A4
:107A700038BD0224F7E700BF25232284E49CF2CB23
:107A80006814002010B5084C2368B3F5005F08D3D4
:107A900000F0F9F820B1FFF7CBFF41F208032360B3
:107AA00010BD0120FCE700BF682400208318B3F557
:107AB000805F2DE9F74F06460D46174604D900248E
:107AC000204603B0BDE8F08F304C00EB040841467F
:107AD0002846F8F725FD002856D03A462946404664
:107AE000F8F74EFDFFF754FF824638B14FF0000B18
:107AF00004F580582FB9FFF7C5FF29E0FFF758FFBD
:107B0000DDE7052FB94628BF4FF00509C6F302434C
:107B100043EAC9038DF80030330AADF802B08DF89E
:107B20000130ADF804B0ADF806B08DF802600DF18B
:107B3000030305EB090215F8011B954203F8011B2D
:107B4000F9D1DDE90023D8F8000000F0FAF808B90F
:107B5000044611E0D8F800300833C8F80030FFF7C9
:107B600091FF0128044603D1A7EB09074E44C1E762
:107B700010B1022818BF0024BAF1010FA0D1FFF7FD
:107B800017FF00289BD09BE7012499E76814002089
:107B9000F0B585B0FFF7ECFE00F06EF820B9FFF706
:107BA000E7FE002005B0F0BD4FF400723049002020
:107BB00000F073F82E4E10B9FFF7DAFEEFE72AA3B4
:107BC000D3E900234FF48051304602F082FF0D4686
:107BD000044602A94FF4805000F077F8DDE9022353
:107BE0009D4208BF944201D0FFF7C2FE41F2080750
:107BF0006946384600F069F810B3DDE9004554EAFB
:107C000005031CD0E2B2930907F10807CDE902454C
:107C100025D104F47F431004C4F307441C4300F44B
:107C2000E0202043D2088318B3F5805F17D80DF108
:107C30000B013044F8F7A4FCB7F5005FD8D1012060
:107C40000C4C276068B900F01EF80028A7D0FFF799
:107C5000EFFE41F2080323600028A3D19FE7002034
:107C6000EEE7FFF70FFFF7E725232284E49CF2CB32
:107C7000681400206824002008B500F0D1F8012025
:107C800008BD0120704708B5002000F0CBF8B0FA1D
:107C900080F0400908BD0120704738B5D5002A465C
:107CA0000C4600F0DCF818B921462544A94203D15E
:107CB000B0FA80F0400938BDD1E90023D243DB435C
:107CC00041F8082B41F8043CF0E70122FFF7E5BF3B
:107CD0002DE9F0430746884615460026C1B06B469D
:107CE000202DAE4628BF4FF0200E1C469C4608EBC8
:107CF000C602764408EBC6094A4511D100247445F2
:107D000013D14FEAC4094A466146384600F0C5F827
:107D1000A8B92D1B4F44E2D1012041B0BDE8F0834A
:107D2000F2E80201E4E80201E6E7D3E90002C04319
:107D3000D24343F8080B43F8042C0134DFE700205A
:107D4000EBE707B5CDE9002369460122FFF7C0FF45
:107D500003B05DF804FB000000220823114601482F
:107D600003F086BC0C08004008B5FFF7F5FF30B102
:107D7000062003F0BBFC03F0F1FC002008BD4FF02F
:107D8000FF30FBE738B503F083FE00F57A75FFF7A7
:107D9000E3FF78B1052003F0A9FC03F0B9FCC4B2FD
:107DA00003F0DCFC03F074FEA84206D214F00100DC
:107DB000EDD138BD4FF0FF30FBE76FF00100F8E781
:107DC000F7B51F464BBA090C064615468DF8040058
:107DD000ADF806308DF80510FFF7BEFFE8B10421BD
:107DE0000DEB010003F0A6FC044648B945B1022E94
:107DF0000BD0032E0ED1B9B2284603F0A5FC0446E1
:107E000003F0ACFC204603B0F0BDB9B2284603F045
:107E100091FCF4E74FF0FF34F2E74FF0FF34F1E765
:107E200003F0EABB00F58033B3F5002F10B504462C
:107E300012D283B283B9FFF7A5FF78B9FFF794FF99
:107E400060B9034602462146D820FFF7B9FF28B99A
:107E5000BDE81040FFF796BF4FF0FF3010BD2DE991
:107E6000F04180460D461646FFF78CFF0446074654
:107E700038B1324600212846F8F7F8FB2046BDE825
:107E8000F08133462A4641460320FFF799FF044616
:107E90000028F3D032463946EDE72DE9F041074698
:107EA0008846164676B9FFF76DFF044638B9FFF7E6
:107EB00053FF20B3042003F019FC03F04FFC2046CD
:107EC000BDE8F081FDB2C5F58075B54228BF3546E5
:107ED000FFF758FF04460028F1D1FFF745FF04469D
:107EE0000028ECD12B46424639460220FFF768FFB6
:107EF00004460028E3D1A8442F44761BD2E74FF074
:107F0000FF34DCE730B5C0F3072285B00190C0F341
:107F10000740BAB909B1304B185C8DF80C008DF8E8
:107F20000D008DF80E0000209DF80C3063F3070063
:107F30009DF80D3063F30F209DF80E3063F317406A
:107F400005B030BD9DF8043061B32349085C0625B7
:107F5000FF215D436FF05404B5FBF1F56C4304EB76
:107F6000430404EB4404E4B204FB02F3C4F1FF0451
:107F7000891A62431B121212C3F1FF03C2F1FF02FE
:107F8000414343434243C1F30721C3F30723C2F3F1
:107F90000722C0B2062D19D8DFE805F00608110F38
:107FA0001418060080B2D2E7034610468DF80C0084
:107FB0008DF80D308DF80E10B5E7024618460B46C9
:107FC0001146F3E7134602460846F9E7024608461B
:107FD00019461346EAE700BF0C050108012184B0E9
:107FE00004B0FFF78FBF012830B501D8C0B230BD53
:107FF000B0F5F75F88BFFF224FF001019EBF420935
:108000000832D2B28B185B1003FB03F5ADB2854288
:10801000DCB205D9621ED2B29142F3D9481EE5E71F
:10802000FF2B02D0611CC9B2F6E71846DFE700005B
:10803000074B188800EB402200EB820000F55850F7
:10804000193080B2188000EB1020C0B2704700BF1A
:10805000C20F002010F0400116BFC3430346DBB23D
:1080600010B503F00F0201B101320949C3F3011346
:108070005B00CC186478CB5C624303EB2213DBB269
:10808000020644BF5B42DBB283F0800010BD00BF3C
:10809000DD040108144B84B003EB4101E42301909B
:1080A00091F85A10C0F307204B43C2EB13231C3343
:1080B000002BB8BF5B42A0EBC3031BB223EAE37300
:1080C000584300128DF805000020019BDAB262F3DC
:1080D0000700C3F3072262F30F20C3F3074363F3E0
:1080E000174004B0704700BF500D0020144B84B0FF
:1080F00003EB4101E423019091F85A10C0F30740CB
:108100004B43C2EB13231C33002BB8BF5B42A0EBE5
:10811000C3031BB223EAE373584300128DF8060031
:108120000020019BDAB262F30700C3F3072262F377
:108130000F20C3F3074363F3174004B0704700BF39
:10814000500D002084B0019000208DF80420019B88
:10815000DAB262F30700C3F3072262F30F20C3F31E
:10816000074363F3174004B07047000084B00190E8
:1081700000200B4B03EB410191F85A309A1A8DF80D
:108180000420019BDAB262F30700C3F3072262F313
:108190000F20C3F3074363F3174004B0704700BFD9
:1081A000500D002084B0019000200B4B03EB4101E7
:1081B00091F85B309A1A8DF80420019BDAB262F3D1
:1081C0000700C3F3072262F30F20C3F3074363F3EF
:1081D000174004B0704700BF500D002030B5134B5E
:1081E00085B02C31019003EB4104E57803EB4103AA
:1081F000A5F1200464B2002C9B78BCBFC5F120041B
:1082000064B29B1AC0B22344034400208DF80430AA
:10821000019BDAB262F30700C3F3072262F30F2077
:10822000C3F3074363F3174005B030BD500D002082
:1082300084B0019000209DF8102003EB430302EB73
:1082400053028DF80420019BDAB262F30700C3F3F6
:10825000072262F30F20C3F3074363F3174004B010
:1082600070471FB592B2019048B2002802FB02F29B
:10827000BCBF484240B2C0F1380000FB002080B2D1
:108280001C46FFF7B0FE00EB4000044400208DF8D0
:108290000440019BDAB262F30700C3F3072262F3E2
:1082A0000F20C3F3074363F3174004B010BD000071
:1082B00084B0019003F12C00104B03EB4003D878FD
:1082C0009B782038703B594302FB00120020002AA3
:1082D0009DF80410B8BF7F3201EBE2128DF8042044
:1082E000019BDAB262F30700C3F3072262F30F20A7
:1082F000C3F3074363F3174004B07047500D0020E9
:1083000084B0019003F12C00104B03EB4003D878AC
:108310009B782038703B594302FB00120020002A52
:108320009DF80410B8BF3F3201EBA2128DF8042073
:10833000019BDAB262F30700C3F3072262F30F2056
:10834000C3F3074363F3174004B07047500D002098
:108350001FB503F12C04164B019003EB4403DC78AA
:10836000C0B2203C62439C78A4F170035BB2002B46
:10837000BCBFC4F170035BB2C3F1380301FB03213E
:1083800011EB410148BF7F3100EBE11100208DF876
:108390000410019BDAB262F30700C3F3072262F311
:1083A0000F20C3F3074363F3174004B010BD00BFB1
:1083B000500D002030B50D4685B00190C4B2104676
:1083C000FFF748FE124B0C2203EB450393F85A309B
:1083D0001844C0B2A0F180035BB2002BBCBFC0F157
:1083E000800043B200205B00DBB2534304EB132454
:1083F0008DF80440019BDAB262F30700C3F3072251
:1084000062F30F20C3F3074363F3174005B030BD99
:10841000500D0020114B84B0019003EB410191F805
:108420005A10C0B28B1A5BB2002BBCBF521A53B2A7
:108430001822DBB2534300EB13208DF80400002018
:10844000019BDAB262F30700C3F3072262F30F2045
:10845000C3F3074363F3174004B07047500D002087
:10846000054B40F6B8301B791033FF2B28BFFF2394
:108470001B09B0FBF3F07047D43B0020C94384B024
:108480000190C9B2C0F30740484300128DF80600BE
:108490000020019BDAB262F30700C3F3072262F304
:1084A0000F20C3F3074363F3174004B0704784B051
:1084B000C9B20190C1F18201C0B20029A8BF401821
:1084C0008DF804000020019BDAB262F30700C3F3C9
:1084D000072262F30F20C3F3074363F3174004B08E
:1084E000704784B0BDF8102003EB830313449BB2A4
:1084F000FF2B28BFFF23DB430190DBB2C0F3074013
:108500000344FF2B28BFFF2300208DF80630019B7A
:10851000DAB262F30700C3F3072262F30F20C3F35A
:10852000074363F3174004B0704700291FB5B8BF75
:108530004942002AB8BF524209B2090112B2FF29CA
:108540004FEA0212A8BFFF21FF2AA8BFFF22BDF8F1
:10855000184009B2234412B29BB29142D4BF5B18B7
:108560009B189BB2FF2B28BFFF23DB430190DBB29C
:10857000C0F307400344FF2B28BFFF2300208DF8E2
:108580000630019BDAB262F30700C3F3072262F3FD
:108590000F20C3F3074363F3174004B010BD00007E
:1085A0001FB5482B0190C0F3074030D8BDF81840E4
:1085B000E31A9BB2FF2B28BFFF23083189B2102991
:1085C00005D902F1080189B2112928BFFF23DB4335
:1085D000DBB20344002AB8BF0332FF2B28BFFF23BE
:1085E00000200C498DF80630497801EBA2028DF885
:1085F0000420019BDAB262F30700C3F3072262F39F
:108600000F20C3F3074363F3174004B010BDFF23EB
:10861000D3E700BFD43B002084B0BDF81020019008
:10862000D31A9BB2FF2B28BFFF23DBB2D943C0F381
:108630000742C9B20A44FF2A28BFFF2218448DF816
:10864000040000208DF80620019BDAB262F30700D7
:10865000C3F3072262F30F20C3F3074363F317400A
:1086600004B0704784B0BDF810200190D31A9BB2BB
:10867000FF2B28BFFF23DB43C0F30740DBB20344DB
:10868000FF2B28BFFF2300208DF80630019BDAB2B4
:1086900062F30700C3F3072262F30F20C3F307431B
:1086A00063F3174004B07047024A13781843107000
:1086B000704700BF72240020012310B5044C06222D
:1086C0001C2104482370FFF749F90023237010BDD3
:1086D00072240020D43B002028B90029ACBF00231D
:1086E00080231846704780EAE072A2EBE07200290E
:1086F00012B201EB0203ABBF891A5B014901511AA7
:10870000ABBF91FBF3F393FBF1F3C3F12003C3F190
:1087100060035BB2DBB20028BCBF5B42DBB2E0E7C8
:1087200030B5C0F3072585B0EB1A01901046DCB2D6
:10873000FFF7D2FFC0EB801300EB8300044400205E
:10874000E4B26C4324128DF80540019BDAB262F367
:108750000700C3F3072262F30F20C3F3074363F359
:10876000174005B030BD30B5C0F3074585B0EB1AF2
:1087700001901046DCB2FFF7AFFFC0EB801300EBB7
:10878000830004440020E4B26C4324128DF80640B8
:10879000019BDAB262F30700C3F3072262F30F20F2
:1087A000C3F3074363F3174005B030BD30B585B060
:1087B0009DF82040C0F30725019010461C1BFFF7D1
:1087C0008BFF2C44E4B2201AC0B2684300128DF82B
:1087D00005000020019BDAB262F30700C3F3072211
:1087E00062F30F20C3F3074363F3174005B030BDB6
:1087F00030B585B09DF82040C0F307450190104684
:108800001C1BFFF769FF2C44E4B2201AC0B2684376
:1088100000128DF806000020019BDAB262F3070017
:10882000C3F3072262F30F20C3F3074363F3174038
:1088300005B030BD1FB5019010461C46FFF74CFF38
:1088400020448DF804000020019BDAB262F3070097
:10885000C3F3072262F30F20C3F3074363F3174008
:1088600004B010BD1FB59DF81840019010461C1BA8
:10887000FFF732FFE4B2201A8DF804000020019BBC
:10888000DAB262F30700C3F3072262F30F20C3F3E7
:10889000074363F3174004B010BD000008B506227B
:1088A0001C210348FFF712F80022024B1A7008BD82
:1088B000D43B00207224002084B004B0FFF78EBBAC
:1088C0002DE9F74F334DC0EB0017EB195B5C834686
:1088D000FF2B8A462AD000262F4A17444FF0000962
:1088E000C6EB061403F12C08291905EB48081444BB
:1088F00011F801EBBEF1FF0F0ED0F0B2834518D195
:108900005FFA89F0824514D117F80A002030FF2859
:1089100028BFFF2007F80A0009F10109B9F10F0F7C
:1089200004F10104E4D10136062ED7D103B0BDE82D
:10893000F08F0EF12C0E05EB4E0E9EF802C098F84B
:1089400002009EF803E0A0EB0C0098F803C0019130
:10895000ACEB0E0C1FFA8CFC0CFB0CFC00FB00C0FB
:1089600080B20093FFF73FFB2828009B01990A4A39
:10897000D2D8C0F128001FFA80FC2078BCF1100F7B
:1089800094BF6044103080B2FF2828BFFF202070C1
:10899000C2E700BF500D00207424002010B50078FD
:1089A00000EB0010C0B200F11104E4B2512C2146DA
:1089B00028BF5121FBF744FD502C8CBF0020012023
:1089C00010BDFFF76BBF000010B5084C35232046E3
:1089D000032200F8013B0649F7F7D2FDCC232371AF
:1089E000FF236371BDE81040FFF758BFD43B002060
:1089F000D8F700080020704770B504460E461546AB
:108A0000FFF7F8FF054BC4EB04141C44A35DFF2BD8
:108A10001EBF2B540130C0B270BD00BF500D0020EE
:108A2000014BDB68184700BFE804010810B4024C92
:108A30006468A44610BC6047E80401082DE9F04FC3
:108A40000478824604EB0414E4B204F11107FFB287
:108A5000512FBB4628BF4FF0510B2E4D2E4A2E7979
:108A600089B07308168803915E43C6F30723029307
:108A70002A4B03EB440803F1FC09E3B29B4506D8FB
:108A8000502F8CBF0020012009B0BDE8F08F14F8F2
:108A900009209AF801301A4237D098F85B2098F8EC
:108AA0005A10203A92B202FB02F0703989B201FBEF
:108AB000010080B205920491FFF795FA029B95F8A8
:108AC00001C00093AB7895F803E0059A04994CEA4D
:108AD000032C12B2034609B24CEA0E40039EB04783
:108AE000C0F307238DF81C00C0F307408DF81D303C
:108AF0008DF81E000798FFF7DFFEC0F30743C2B2F0
:108B0000C0F307212046FFF791FF08F10208013466
:108B1000B3E700BFD43B0020DC3B0020500D002019
:108B20000149FFF78BBF00BFAD8700080149FFF780
:108B300085BF00BFF18700080149FFF77FBF00BF75
:108B4000318200080149FFF779BF00BF658800083E
:108B50002DE9F04F0478824604EB0414E4B204F1EA
:108B60001107FFB2512FBB4628BF4FF0510B254DC7
:108B7000254A2E7985B07308168801915E43C6F3A5
:108B800007230093214B03EB440803F1FC09E3B2F4
:108B90009B4506D8502F8CBF0020012005B0BDE8B2
:108BA000F08F14F809209AF801301A4225D0AB78DA
:108BB000687895F803C098F85B2098F85A1040EA56
:108BC0000320203A7039009B40EA0C40019EB047D8
:108BD000C0F307238DF80C00C0F307408DF80D306B
:108BE0008DF80E000398FFF767FEC0F30743C2B28B
:108BF000C0F307212046FFF719FF08F102080134EE
:108C0000C5E700BFD43B0020DC3B0020500D002016
:108C10000149FFF79DBF00BF218700080149FFF709
:108C200097BF00BF678700080149FFF791BF00BFEA
:108C3000638200080149FFF78BBF00BF3588000839
:108C40002DE9F74F0478074604EB0414E4B204F16D
:108C500011095FFA89F9B9F1510FCA46884628BF50
:108C60004FF0510A1D4E1E4A3579DFF878B0AB0837
:108C7000158803FB0555C5F30725E1B28A4507D8DA
:108C8000B9F1500F8CBF0020012003B0BDE8F08F78
:108C900014F80B207B781A421DD0B07873782A46DE
:108CA00043EA0023F07843EA0040C047C0F30723BB
:108CB0008DF80400C0F307408DF805308DF80600EC
:108CC0000198FFF7F9FDC0F30743C2B2C0F30721D3
:108CD0002046FFF7ABFE0134CFE700BFD43B0020B6
:108CE000DC3B00204C0E00200149FFF7A9BF00BF6C
:108CF000958000080149FFF7A3BF00BFED80000881
:108D00000149FFF79DBF00BF458100080149FFF7FA
:108D100097BF00BF6D8100080149FFF791BF00BFF9
:108D2000A58100080149FFF78BBF00BFDD81000866
:108D30000149FFF785BF00BFB58300080149FFF770
:108D40007FBF00BF158400082DE9F04F2D4E2E4A3D
:108D500035790478AB08158804EB04145D43E4B25C
:108D6000C5F3072504F11107FFB2814605F1400064
:108D700087B0512FC0B20391BA4628BF4FF0510AB5
:108D8000FFF768F980384FFA80FB2846FFF762F951
:108D900080384FFA80F80296E3B29A4506D8502FF1
:108DA0008CBF0020012007B0BDE8F08F174AA15CFE
:108DB00099F80120114223D0029A009550789278B8
:108DC000594640EA0220029A039E92F803C04246A6
:108DD00040EA0C40B047C0F307238DF81400C0F3FD
:108DE00007408DF815308DF816000598FFF764FDE3
:108DF000C0F30743C2B2C0F307212046FFF716FEB7
:108E00000134C9E7D43B0020DC3B00204C0E00209D
:108E10000149FFF799BF00BFB18200080149FFF780
:108E200093BF00BF018300080149FFF78DBF00BF5A
:108E3000518300082DE9F04F0478374D04EB0414FA
:108E4000E4B22F7904F11106F6B27B1C512EB24622
:108E500028BF4FF0510AB3F5807F08BFFF234FF6BC
:108E6000FF778046B7FBF3F785B0DFF8B0B0DFF8E7
:108E7000B0900191E0B2824506D8502E8CBF002000
:108E8000012005B0BDE8F08F14F80B2098F80130F0
:108E90001A422FD099F80030DFF888C0013B5BB24E
:108EA0001A0629D53A462979A8780131B1F5807F8B
:108EB00008BFFF216B78514343EA0023E878C1F3F0
:108EC0000F2143EA0040019B9847C0F307238DF828
:108ED0000C00C0F307408DF80D308DF80E0003989C
:108EE000FFF7EAFCC0F30743C2B2C0F307212046F4
:108EF000FFF79CFD0134BDE713F80C20824209D135
:108F000003F10C0209EB42025178927841EA022205
:108F1000BA42C8D3013BC3E7D43B00204C0E00202B
:108F2000E03B0020F13B00200149FFF783BF00BF79
:108F30007D8400080149FFF77DBF00BFAF840008B2
:108F40002DE9F04F0C78824604EB0414E4B204F1EE
:108F50001107FFB2512F3B4628BF51238B46454D89
:108F60008DB004932B7805920393434B029503EB4A
:108F70004408FC330693049AE3B29A4206D8502F71
:108F80008CBF002001200DB0BDE8F08F069BE25C95
:108F90009BF801301A4220D0032238490AA8F7F77B
:108FA000EFFA029B0AF101061E44D1460023039901
:108FB0005FFA89F2914214D8314AD07843431B12A8
:108FC0008DF82A300A98FFF777FCC0F30743C2B246
:108FD000C0F307212046FFF729FD013408F10208FC
:108FE000C9E716F8012B98F85A0098F85BC0801A68
:108FF000F27980B2ACEB020C1FFA8CFC0FFA8CF207
:109000000CFB0CFC01B200FB00C080B2099308917C
:109010000792FEF7E8FF029B09F10C0E03EB4E0EE0
:109020009EF801C0164B9EF802E0079A4CEA0E2CFF
:1090300093F804E0099B0EF1010EBEF5807F08BF96
:109040004FF0FF0E0CFB0EFC8DF82A30CCF30F23F3
:10905000009308990346059D0A98A847C0F3072383
:109060008DF829308DF8280009F10109C0F3074374
:109070009DE700BFE03B0020500D0020D53B0020C5
:10908000D43B0020054B01461B78054A013BB3F158
:10909000FF3F08BF0023D8B2FFF752BFE03B0020DC
:1090A000E38400080146024A0020FFF749BF00BFE1
:1090B000E3840008054B01461B78054A013BB3F1E8
:1090C000FF3F08BF0023D8B2FFF73ABFE03B0020C4
:1090D0002B8500080146024A0020FFF731BF00BF80
:1090E0002B850008054B01461B78054A013BB3F16F
:1090F000FF3F08BF0023D8B2FFF722BFE03B0020AC
:10910000A18500080146024A0020FFF719BF00BFF1
:10911000A1850008054B01461B78054A013BB3F1C8
:10912000FF3F08BF0023D8B2FFF70ABFE03B002093
:10913000198600080146024A0020FFF701BF00BF60
:1091400019860008054B01461B78054A013BB3F11F
:10915000FF3F08BF0023D8B2FFF7F2BEE03B00207C
:10916000658600080146024A0020FFF7E9BE00BFFD
:10917000658600082DE9F3411D4A047853780646B8
:1091800004EB04149078E4B243EA002304F11105DF
:10919000D078EDB2512D43EA00402F4628BF512729
:1091A000FFF78AFBDFF84C80C0F307238DF804003B
:1091B000C0F307408DF805308DF80600E3B29F42FA
:1091C00006D8502D8CBF0020012002B0BDE8F081F0
:1091D00014F8082073781A4208D09DF806309DF8DC
:1091E00004209DF805102046FFF720FC0134E5E738
:1091F000D43B00204C0E00202DE9F0430478DFF82A
:10920000B89004EB0414E4B204F1110585B0EDB29A
:10921000512D4FF0030209F10101064601A82F4626
:1092200028BF5127F7F7ACF999F801808DF8048031
:109230000198FFF741FBC0F307238DF8093099F837
:1092400004308DF8080098448DF80480C0F307407E
:109250008DF80A000198FFF72FFBDFF86080C0F35C
:1092600007238DF80C00C0F307408DF80D308DF802
:109270000E00E3B29F4206D8502D8CBF0020012083
:1092800005B0BDE8F08314F808307278134211D0AD
:10929000DB0743BF9DF80E309DF80C209DF80D10A4
:1092A0009DF80A305CBF9DF808209DF80910204603
:1092B000FFF7BCFB0134DCE7D43B00204C0E002060
:1092C0002DE9F74F04781F4D04EB0414E4B204F1C8
:1092D0001106F6B2512E80464FF0030205F101014E
:1092E0006846B246DFF8609028BF4FF0510AF7F7A2
:1092F00047F92F79A9F1A10BBF08E3B29A4506D827
:10930000502E8CBF0020012003B0BDE8F08F14F870
:10931000092098F801301A4212D01BF814306A78EC
:109320001B0903FB07238DF800300098FFF7C4FAF0
:10933000C0F30743C2B2C0F307212046FFF776FB14
:109340000134DAE7D43B00204C0E00202DE9F74F22
:109350000478204D04EB0414E4B204F11106F6B2D3
:10936000512E80464FF0030205F101016846B246D6
:10937000DFF8649028BF4FF0510AF7F701F92F7911
:10938000A9F1A20BBF08E3B29A4506D8502E8CBFB4
:109390000020012003B0BDE8F08F14F8092098F8F0
:1093A00001301A4213D01BF8143007FB03F26B781C
:1093B00003EB52138DF800300098FFF77DFAC0F3ED
:1093C0000743C2B2C0F307212046FFF72FFB013449
:1093D000D9E700BFD43B00204C0E00202DE9F74315
:1093E0000478DFF8B49004EB0414E4B204F111053E
:1093F000EDB2512D4FF0030209F101010646684616
:109400002F4628BF5127F7F7BBF8224B99F80400E5
:109410001B88C0085843C0F30720FEF71BFEA0F1CD
:1094200080035BB2002BBCBFC0F1800043B299F84F
:1094300003805B00DBB208FB03F31B128DF80230E4
:109440000098FFF739FADFF85480C0F307238DF84E
:109450000400C0F307408DF805308DF80600E3B234
:109460009F4206D8502D8CBF0020012003B0BDE8DC
:10947000F08314F8082073781A4208D09DF806305B
:109480009DF804209DF805102046FFF7CFFA01341F
:10949000E5E700BFDC3B0020D43B00204C0E002061
:1094A00037B5154B04469A7859788DF80120DA784B
:1094B0008DF80220FEF7BCFD4FF4B47201F1B40543
:1094C000B5FBF2F302FB13535B1A48BF033300F002
:1094D00003009B1003FB00138DF800300098FFF78A
:1094E000EBF9C0F30743C2B2C0F30721204603B033
:1094F000BDE83040FFF79ABAD43B00202DE9F04197
:109500000478837804EB0414E4B204F111050646F0
:10951000EDB22BBB1B4B0A211B791B4A1033FF2BCF
:1095200028BFFF2312885343C3F30F23B3FBF1F289
:1095300001FB12339BB26BB9FEF77AFD51235843FE
:10954000124B00120344727893F8FC301A4201D097
:10955000FFF7A6FF502D8CBF00200120BDE8F08151
:10956000512D2F4628BF5127DFF82480A742F1DD77
:10957000727814F808301A4202D02046FFF790FFA4
:109580000134F3E7D43B0020DC3B0020500D0020E9
:109590004C0E002013B50446FEF74AFD8DF800007E
:1095A000FEF746FD0B4B40F35700DB787F308DF81C
:1095B00002308DF801000098FFF77EF9C0F30743F1
:1095C000C2B2C0F30721204602B0BDE81040FFF749
:1095D0002DBA00BFD43B00202DE9F0418678054626
:1095E0001EBB214B214A1B7912881033FF2B28BF49
:1095F000FF2353430522C3F30F23B3FBF2F202EB25
:1096000082029B1A9BB26BB9FEF712FD512358439D
:10961000174B001203446A7893F8FC301A4201D0C9
:10962000FFF7B8FF3046BDE8F0810478DFF84480EA
:1096300004EB0414E4B204F11106F6B2512E3746DD
:1096400028BF5127A74204DC502E8CBF00260126DC
:10965000E8E76A7814F808301A4202D02046FFF78B
:1096600099FF0134EEE700BFD43B0020DC3B002033
:10967000500D00204C0E00202DE9F7430478DFF850
:10968000B49004EB0414E4B204F11105EDB2512DD1
:109690004FF0030209F10101064668462F4628BF34
:1096A0005127F6F76DFF224B99F804001B88C0087C
:1096B0005843C0F30720FEF7CDFC0C22A0F1800335
:1096C0005BB2002BBCBFC0F1800043B25B00DBB2D9
:1096D000534399F8018008EB13288DF80080009817
:1096E000FEF77CFCDFF85080C0F307238DF8040000
:1096F000C0F307408DF805308DF80600E3B29F42B5
:1097000006D8502D8CBF0020012003B0BDE8F083A7
:1097100014F8082073781A4208D09DF806309DF896
:1097200004209DF805102046FFF780F90134E5E795
:10973000DC3B0020D43B00204C0E0020014B9B68FA
:10974000184700BFE80401082DE9F04F037885B001
:1097500003EB03135FFA83FB0BF111095FFA89F93D
:109760004B46512B28BF51230093837882464BB13F
:10977000002211461046FFF7E1FF5A2200213A4825
:10978000F6F774FF9AF800306BB9384C208802F075
:10979000BEF918288CBF01220022354B1A7002D95D
:1097A00002F0B0F9208000252C462F4602E0102F51
:1097B00052D800242F4AC5EB051802EB08031919EB
:1097C0001B5D01915B453FD300998B423CD2134412
:1097D00093F8FC209AF8013001371A42FFB233D0D7
:1097E000214B254A984418F80460A6F1550323EA52
:1097F000E373C3F1AA038DF808309378D2788DF81B
:10980000093006F1AA03FF2B28BFFF2303EB430314
:109810000233DBB253431B128DF80A300298FFF774
:109820004BF8C0F30743C2B2C0F307210198007898
:10983000FFF7FCF80E4B1B7833B1013EB6F1FF3F4A
:1098400008BF002608F804600134E4B20F2CB1D13F
:109850000135EDB2062DAAD1B9F1500F8CBF002011
:10986000012005B0BDE8F08F74240020CE24002034
:1098700071240020500D0020D43B0020544B2DE9D2
:10988000F04FDC7887B004EB4406B610F3B20293D5
:10989000FF23B3FBF4F301938378DFF8488163B1CE
:1098A000002211461046FFF749FF5A22002149487D
:1098B000F6F7DCFE002388F800300027464DDFF87D
:1098C00014B12B7801332B70D9464FF0000A98F869
:1098D00000205FFA8AF31A4362D10393F7F700F886
:1098E0003E4B9842039B5BDC8BF8004004AA394650
:1098F0001846FFF781F880B199F80020029B9DF887
:1099000010009A425BD9931B7343A21B93FBF2F3A3
:109910002246DBB21946FFF789F80AF1010ABAF1CB
:10992000060F09F10F09D2D10137FFB20F2F0BF14A
:10993000010BC9D12B78019A934204BF00232B70ED
:1099400098F800300133DBB21C2B3ED9002388F895
:1099500000300523224D661E29460F221D48052B87
:1099600005D190F84B70BC4208BF80F84B6011F8ED
:109970000F7C013AA74224BF01F80F6C0C7012F063
:10998000FF0201F1010100F10100E8D1013B13F0F8
:10999000FF03A5F10F05DFD1002007B0BDE8F08F70
:1099A00099F80020002AA1D094429FD929780198E3
:1099B000814204BF02F1FF3289F8002096E762433A
:1099C000B2FBF6F20023D2B2A4E788F80030E3E756
:1099D000D43B0020742400207024002054555505E9
:1099E000BF240020732400202DE9F04F85B00746E6
:1099F00088461646FDF726F8814600284AD0002EF4
:109A00004BD002AA41463846FEF7F6FF0546324CD7
:109A100023782B44082B22DDC5F1080A691C524625
:109A20002144601CF6F7ACFD05F1090152462144C2
:109A300004F10900F6F7A4FD04EB45014FEA4A02E0
:109A4000193104F11900F6F79BFD05F11101524699
:109A5000214404F11100F6F793FD84F800A00022E0
:109A60001146964694F800C0D0B200EB0C03DBB26E
:109A70008542019313D86544EDB201B125704EB112
:109A8000164B1B7803F0FC037C2B03D14146384670
:109A9000FEF716FF05B0BDE8F08F3546B7E702AB1D
:109AA00013F802A0019B0AF12C01E0180C4B80F87E
:109AB00011A003EB4101019B91F802B00C33C9786E
:109AC00004EB4303417280F801B0013283F801E0F6
:109AD00083F802E04946C7E7D0240020D43B0020A9
:109AE000500D00200120704708B5FFF7FBFF08BDAF
:109AF00008B5017801EB0111C9B2A1F1110051299A
:109B000028BF5121C0B2FAF7A9FB08BD2DE9F04FDB
:109B1000954C89B0206802F001F80026054601F056
:109B2000B7FF9249206091F800C037466446C5F5FA
:109B30007F4E0EF1FF0EF3B29C4515D807B10C70A5
:109B40008B4D8C4C2B7813F0030218BF9B080092AE
:109B500018BF00932378032B00F2E682DFE813F0AE
:109B60001B002800EB02F70206F10C0201EB420297
:109B7000537892F80280013643EA08239E4525BFB8
:109B80005B199BB204F1FF3453702DBF1B0AE4B282
:109B900001279370CFE70022774B74491A70774BF7
:109BA000292218607648F6F7EBFC01232370BBE20C
:109BB000744B009A1B78934246D1734A2B781278E3
:109BC00003F003039B1A18BF01236B4EB370727826
:109BD0006B799A4205D00022114610467370FFF748
:109BE000ADFD009B2D2B38D8DFE813F03000390095
:109BF00056005A005E00620066006A006E00720045
:109C000076007A007E00820086008A008E00920034
:109C100096009A009E00A200A600AA00AE00B20024
:109C2000B600BA00D0001F01C9014A024E0252021A
:109C30006A026E02720276027A027E028202860254
:109C40008A028E02920296020123BEE7B07848B1E2
:109C5000002211461046FFF771FD002002E0464841
:109C6000FFF788FA444B1A7801321A70002840F046
:109C70005E8202213F4A9B781170002B40F0578290
:109C8000009B002B00F04E82FFF72EFF3A4809B0F0
:109C9000BDE8F04FFFF72CBF3748FFF7ADFAE1E71B
:109CA0003548FFF70DFBDDE73348FFF74FFBD9E7FA
:109CB0003148FFF793FBD5E72F48FFF715F8D1E7B9
:109CC0002D48FFF717F8CDE72B48FEF7A1FFC9E7AE
:109CD0002948FEF7A3FFC5E72748FEF721FFC1E7A4
:109CE0002548FEF723FFBDE72348FFF709F8B9E74A
:109CF0002148FFF70BF8B5E71F48FFF70DF8B1E76C
:109D00001D48FFF70FF8ADE71B48FEF715FFA9E761
:109D10001948FEF789FFA5E71748FEF78BFFA1E773
:109D20001548FEF70FFF9DE71348FFF771F899E715
:109D30001148FFF773F895E70F48FFF775F891E7BB
:109D40000D48FFF7DBFB8DE70B48FFF745FC89E784
:109D50000948FFF791FC85E70748FEF7E9FF81E72F
:109D60000548FEF7EBFF7DE718260020D0240020F1
:109D7000D43B0020C10F0020BC0F0020DC3B0020A2
:109D8000E03B0020BF0F0020C00F0020C24BC34F9C
:109D9000307819683A68013000EB00109142C4B283
:109DA000984626D9FEF744F94FF0510909FB00F90E
:109DB000BB4B4FEA29294B4493F8FC2073781A4295
:109DC00017D0FEF735F9810718D500231A46194632
:109DD0004846FEF72BFE2B794FF4FA721033FF2B17
:109DE00028BFFF231B09B2FBF3F3D8F8002013446C
:109DF0003B60502C8CBF0020012033E7FEF718F9A0
:109E00008DF81800FEF714F9EB7840F357007F3017
:109E10008DF81A308DF819000698FEF74DFDC0F345
:109E20000743C2B2C0F30721D2E79E4B9A4A186893
:109E300011680192884202933FF60FAFB3789A4FB0
:109E40008BBB3478DFF874B204EB0414E4B204F191
:109E500011095FFA89F9B9F1510FCA4628BF4FF0CD
:109E6000510A04EB4408B844E3B29A4553D8B9F117
:109E7000500F40F2558151248B4E013C06F10306F0
:109E80005BD1FEF7D5F883075DD587F8F04087F8FA
:109E9000F14087F8F240FEF7E3FA019B1B68184493
:109EA000029B1860D9E60022002411461046FFF7F5
:109EB00045FCB846A146FEF7BBF882070BD588F8EB
:109EC000009088F8019088F802900134512C08F134
:109ED0000308F0D1B5E7FEF7ABF88DF81400FEF7F4
:109EE000A7F8EB7840F357007F308DF816308DF8E7
:109EF00015000598FEF772F804EB440B07F80B0009
:109F000007EB0B0AC0F30723C0F307408AF80130C0
:109F10008AF80200D9E714F80B2073781A4208D0A7
:109F200098F8023098F8002098F801102046FEF7C3
:109F30007DFD08F10308013496E703223146F01E47
:109F4000F6F71EFB99E7FEF773F88DF81800FEF799
:109F50006FF8EB7840F357007F308DF81A308DF8AA
:109F600019000698FEF73AF8C0F3072387F8F000C7
:109F7000C0F3074087F8F13087F8F2008BE7B37839
:109F800023B1002211461046FFF7D8FB307801308C
:109F900000EB0010C3B203933F4B1A68434B1B689E
:109FA0009A4258D9A8786B78414E43EA0023E87862
:109FB0003B4C43EA0040FEF77FFC5FFA80FBC0F3B6
:109FC000072AC0F307450023A146B0460294019337
:109FD000029B18F8017B13F8010B0293002F3DD070
:109FE0002B465A465146FEF721FD2B465A4651460E
:109FF00099F80E00FEF71AFD98F8003009F1FF39C4
:10A0000008F8013C019B0133DBB2062B0193DFD141
:10A01000B779A0795FB32B465A465146FEF706FD45
:10A020002B465A465146207AFEF700FDFEF700F80F
:10A0300010F0030F0CBF01230023B3711D4B0F342D
:10A04000A34206F10706BED1FEF70AFA124B1B68BF
:10A050001844164B1860039B502BCBE63B463A4600
:10A060003946FEF7E3FC3B463A463946C0E73B46F5
:10A070003A463946FEF7DAFC3B463A463946D2E7DD
:10A080000D48FFF761FBEDE50B48FFF7F7FBE9E54E
:10A090000948FEF749FFE5E5DC3B00201C260020CF
:10A0A000500D002020260020F92400202426002026
:10A0B000EC250020AA0D0020BC0F00204C0E002033
:10A0C0002948FEF737FFCDE52748FEF7DBFFC9E556
:10A0D0002548FEF7E7FFC5E52348FEF7EBFFC1E59E
:10A0E0002148FEF7F7FFBDE51F48FEF7FBFFB9E586
:10A0F0001D48FFF707F8B5E51B48FFF70BF8B1E57A
:10A100001948FFF717F8ADE51748FFF71BF8A9E561
:10A110001548FFF727F8A5E51348FEF73FFCA1E532
:10A1200001209FE50323137009B0BDE8F08F009B69
:10A13000002BF9D0A8E5009A0C4B1A702B780C4A2A
:10A14000C3F301031370FEF76BFC03232EE5094BE9
:10A150001B780BB1FEF7A2FB074B186801F0DEFC81
:10A160000F28E1D9002321E5BC0F0020BF0F0020FC
:10A17000C00F002072240020DC3B002008B5274BD4
:10A180001B6898474FF0FF330021254A1170537622
:10A190009376D376137753779377D37782F82030FB
:10A1A00082F8213082F8223082F8233082F824307D
:10A1B00082F8253082F8263082F8273082F828305D
:10A1C000184A117053769376D37613775377937733
:10A1D000D37782F8203082F8213082F8223082F85A
:10A1E000233082F8243082F8253082F8263082F835
:10A1F000273082F82830FCF750FB18B9FCF7D6FB63
:10A20000FEF7E2FBFEF758FA074B1B7813F0FC0F42
:10A2100003D1BDE80840FEF7D7BB08BDE80401083C
:10A22000E03B0020D0240020D43B002070470000F9
:10A23000044A137883F0010313700022024B1A7052
:10A24000FEF732BAD43B0020C10F00200020FFF7F8
:10A25000EFBF0120FFF7ECBF064B1A7812F00302A4
:10A2600004BF05490A7001211A7861F301021A70CE
:10A27000704700BFD43B0020C10F0020054B1A7867
:10A2800092071EBF0021044A11701A786FF3010271
:10A290001A707047D43B0020C10F002008B5FFF7AB
:10A2A000EDFFBDE808400120FEF7FEB9024B18782B
:10A2B00000F00300704700BFD43B00200A4A137827
:10A2C00013F0030F0ED048B9012060F38703137019
:10A2D0000022064B08461A70FEF7E6B92D2888BF03
:10A2E0002D20F2E7704700BFD43B0020C10F0020B3
:10A2F0000021FFF7E3BF0121FFF7E0BF014B187812
:10A3000080087047D43B0020054B01461B789B0812
:10A3100001332E2B34BF18460120FFF7CFBF00BFFB
:10A32000D43B00200120FFF7EFBF0000064B0146A1
:10A330001B78C3F38503013B13F0FF0314BF1846DA
:10A340002D20FFF7BBBF00BFD43B00200120FFF74B
:10A35000EDBF000030B4084C2578AD0709D0642A61
:10A3600028BF64226070A170E270184630BCFEF70E
:10A370009BB930BC704700BFD43B00200023FFF7DF
:10A38000E9BF0123FFF7E6BF07B50322094901A88A
:10A39000F6F7F6F800209DF8043063F307009DF807
:10A3A000053063F30F209DF8063063F3174003B0C8
:10A3B0005DF804FBD53B0020014B5878704700BF87
:10A3C000D43B0020014B9878704700BFD43B00205D
:10A3D000014BD878704700BFD43B0020054910B42A
:10A3E0004C780346CA7804F12900897810BCFFF73D
:10A3F000B1BF00BFD43B00200120FFF7EFBF00003A
:10A40000054910B44C780346293CCA78A0B2897833
:10A4100010BCFFF79FBF00BFD43B00200120FFF717
:10A42000EFBF000010B4074C0346A178E278013179
:10A43000B1F5807F08BFFF216078C9B210BCFFF77B
:10A4400089BF00BFD43B00200120FFF7EBBF000015
:10A4500010B4074C0346A178E2780139B1F1FF3F0F
:10A4600008BF00216078C9B210BCFFF773BF00BFFE
:10A47000D43B00200120FFF7EBBF000010B4064CD6
:10A480000346E278A1781432FF2A28BFFF226078C1
:10A49000D2B210BCFFF75EBFD43B00200120FFF713
:10A4A000EDBF000010B4064C0346E278A178143AE0
:10A4B00022EAE2726078D2B210BCFFF74BBF00BF55
:10A4C000D43B00200120FFF7EDBF0000024B1871C4
:10A4D0000020FEF7E9B800BFD43B0020024B187102
:10A4E0000120FEF7E1B800BFD43B0020014B1879F2
:10A4F000704700BFD43B0020044A13793333FF2B4D
:10A5000028BFFF231371FEF7CFB800BFD43B002054
:10A510000120FFF7F1BF0000034A1379333B23EA20
:10A52000E3731371FEF7C0B8D43B00200120FFF79E
:10A53000F3BF704730B5044D00EB40002C1861703C
:10A54000A3702A5430BD00BF093C002010B5002480
:10A55000044B0134512C587019709A7003F10303A5
:10A56000F7D110BD093C00205121014800F096B8F8
:10A57000093C002000B110470847000038B58C782E
:10A580000546002C44D0FCF781F8A5F5F043203BAC
:10A5900000F02200142B0FD8DFE803F00B10151881
:10A5A0001B1E2124272A2D303436380D0D0D0D0D9C
:10A5B0000D00FFF74EFE0024204638BD154A16490F
:10A5C000FFF7D8FFF7E7144A1249F9E7134A14498D
:10A5D000F6E7134A1149F3E7124A1349F0E7124A22
:10A5E0001049EDE7114A1249EAE7114A0F49E7E736
:10A5F000104A1149E4E7104A0E49E1E70120FFF74C
:10A600007AFED8E70520FAE70D20F8E71220F6E7F2
:10A610000124D1E74DA3000825A300081DA40008CC
:10A62000F9A3000875A4000849A40008C5A40008FF
:10A630009DA400082DA5000811A50008C1F1030183
:10A64000490040FA01F3022213F0010F14BF0E2358
:10A65000082302FA01F101421ABF203BD8B243F0AD
:10A660008000704710B50A4C40F282224FF400413E
:10A67000084803F036FB204602F0BAFE20460649A1
:10A6800002F040FE2046BDE8104002F057BE00BF79
:10A69000103F002000040040F80401082DE9F74FA6
:10A6A000274C8046237889461BB9FFF7DBFF01233F
:10A6B00023700026234FF4B24C4508D34FF4886131
:10A6C000204A214803B0BDE8F04F02F052BE04EB2F
:10A6D000440208EB020393F801B093F802A00C23A4
:10A6E00000255C4318F80220231D3B4429461046F0
:10A6F00001930092FFF7A2FF0135019B042D03F89F
:10A70000010B009AF2D1002504F108033B442946CD
:10A7100058460093FFF792FF0135009B042D03F884
:10A72000010BF4D100250C343C4429465046FFF778
:10A7300085FF0135042D04F8010BF6D10136BAE787
:10A740002826002029260020103F002008B540F2CE
:10A750000930FDF76DF808BD08B540F20630FDF789
:10A7600067F8242801D0002008BD40F20730FDF72B
:10A770005FF80528F7D14FF44270FDF759F8A0F1C2
:10A78000230358425841EFE710B5041E14BF24219B
:10A79000FF2140F20630FDF7B3F8002C14BF05216D
:10A7A000FF2140F20730FDF7ABF8002C18BF232142
:10A7B000BDE8104008BFFF214FF44270FDF7A0B87C
:10A7C0007047FFF7C3BF704710B50446FFF7FBFFA4
:10A7D000E1B240F20930BDE81040FDF791B808B58C
:10A7E0000020FFF7D1FF0020FFF7EEFF00F078FC1C
:10A7F00000F032FDBDE808400120FFF7C5BF08B5F5
:10A80000FFF7DEFFFFF7A2FFFFF7DDFFFFF7A4FF73
:10A8100018B9BDE80840FFF7E2BF08BDFFF716BD55
:10A8200008B58B784BB1A0F5EE427F2A03D8C0B2B1
:10A8300000F01EFD0023184608BD0123FBE710B5FC
:10A8400003780446013B032B0BD8DFE803F0020B2F
:10A850001215FFF7BDFD6423C0EB0020B0FBF3F041
:10A86000607010BDFFF722FD0028F9D0FFF746FD0C
:10A87000F6E7FFF73BFEF3E7FFF79EFD6070FFF79B
:10A88000A1FDA070EDE738B503780446013B032B2A
:10A890002CD8DFE803F002111E23FFF78DFD0546DB
:10A8A000FFF790FD6422637801465A43A8B2120A6A
:10A8B000BDE83840FFF762BD43781BB9BDE83840BA
:10A8C000FFF7DCBCFFF7C8FC6078BDE83840FFF755
:10A8D0000FBD4078BDE83840FFF7F8BD4578847873
:10A8E000FFF776FD214602462846E1E738BD0246DD
:10A8F00010F8023B082B05D0092B05D0072B05D1FA
:10A90000FFF7C1BFFFF79BBFFEF75BB8FF231370D4
:10A91000704708B54378032B03D1BDE80840FFF723
:10A92000E6BFF8F723FB08BD2DE9F04104460E46CB
:10A93000F8F738FA002840F0CA802378013B142B3E
:10A9400048D8DFE803F00B15425C626C6F6F6F74E0
:10A95000477A7E848D96999CA5AEB70000236370DC
:10A960000C23A37031462046BDE8F04101F0AABB9C
:10A970006378013B032B2DD8DFE803F0020C0F2195
:10A9800001F086F8030EA370030CE370030A237131
:10A990006071E7E7FFF7DAFEF4E72546A77804F1F0
:10A9A0001C08052FDED8F8B2FCF714FB030AEB7085
:10A9B00028710235454507F10107F2D1D2E700239E
:10A9C000A370E37023716371CCE76378022B04D02A
:10A9D000052B10D0FF232370C4E7E378A07840EA6A
:10A9E0000320237940EA0340637940EA036000BA18
:10A9F000FFF7EAFEB6E7A078FFF710FFB2E7E278CC
:10AA0000A178607800F006FBC0E722796379A1782D
:10AA100043EA02236078E27800F012FBA2E700F03C
:10AA20005FFB9FE731462046FFF773FF9AE7002060
:10AA3000FFF7AAFEFFF7D3FE94E700F0DBFB6070A0
:10AA400090E700F0D9FB030A6370A0708AE7607892
:10AA5000A378221DE17843EA002000F0D0FB81E7D3
:10AA60006078A378221DE17843EA002000F0E1FB42
:10AA700078E700F0F1FB75E700F0C0FADFE76078F7
:10AA8000A378221DE17843EA002000F073FB69E718
:10AA90006078A378221DE17843EA002000F081FB72
:10AAA00060E7E278A178003218BF0122607800F0F8
:10AAB000DCFA6BE7E27821796379003243EA01231B
:10AAC00018BF0122A178607800F0EEFA4AE7BDE8ED
:10AAD000F081F0B50144884202D310461946F0BD1A
:10AAE000002710F8014B4FEA031C624094184FEA0C
:10AAF000021E43EB03054CEA127C14EB0E0445EBFB
:10AB00000C054FEA421EA4184FEA431C43EB05050F
:10AB10004CEAD26C14EB0E0445EB0C054FEAC21E56
:10AB20004FEAC31C4CEA526C14EB0E044FEA0226A7
:10AB300045EB0C054FEA032C4CEA126CA41945EBCB
:10AB40000C033A19B64646EB0303C4E738B505468D
:10AB50008878002800F0DC80A5F5E045ABB2222B18
:10AB600000F2BB80FBF7B1FE6A4C013D2080212D35
:10AB700012D8DFE805F04DBD551B1F59235D692F25
:10AB8000B5336D3771973B759F417B8327612B658B
:10AB9000477F8EA9B31651C5237843F00103237074
:10ABA00095E0637843F00803637090E0237843F006
:10ABB0000203F4E7237843F00403F0E7237843F03B
:10ABC0000803ECE7637843F00103EDE7637843F0B3
:10ABD0000203E9E7237843F01003E0E7237843F02A
:10ABE0002003DCE7237843F04003D8E7FBF7D8F8ED
:10ABF000237843F08003D2E7237823F00C0343F05B
:10AC00000C03CCE7637823F0030343F00303CBE7A3
:10AC100023786FF30003C2E763786FF3C303C3E7DE
:10AC200023786FF34103BAE723786FF38203B6E723
:10AC300023786FF3C303B2E763786FF30003B3E7DE
:10AC400063786FF34103AFE723786FF30413A6E74C
:10AC500023786FF34513A2E723786FF386139EE7FB
:10AC6000FBF79EF823786FF3C71398E7237823F058
:10AC70000C0394E7637823F0030395E72378C3F389
:10AC8000800282F00102D2B262F3820362F3C30354
:10AC900085E76378DA4302F0010262F3000362F3AE
:10ACA000410381E72378C3F3801282F0010262F34B
:10ACB000861374E7FBF774F82378C3F3C01282F0AD
:10ACC000010262F3C7136AE70120FBF713FE208835
:10ACD000FBF7FEFDFBF764F8002038BD0020F4E729
:10ACE0002378C3F3001282F0010262F3041356E7E3
:10ACF0002378C3F3000282F0010262F300034EE7FF
:10AD00006378C3F3C00282F0010262F3C3034BE72E
:10AD10000120E2E7B83B0020F8B5174B1749C208FD
:10AD20001F5C174B8D5C17499B5C00F007008E5C25
:10AD30000341054113F0010446FA00F005F0010556
:10AD400000F0010602D0E120F7F7CCFE15B1E620B5
:10AD5000F7F7C8FE3846FAF7E8FD15B1E620F7F731
:10AD600023FF14B1E120F7F71FFF26B1BDE8F8403B
:10AD70002C20FAF7DABDF8BD2C0601080C060108F4
:10AD8000AC0601081C0601082DE9F04104460E46F8
:10AD90004FF00A08214F207800283DD0012838D1F3
:10ADA0006378012B0ED1A078A51CFAF7BEFD2C46C6
:10ADB00035460134013DEDB2FF2DECD0642001F0A9
:10ADC000DEFDF7E7022B04D1A078A51CF7F78AFE79
:10ADD000EDE7032B04D1A078A51CF7F7E5FEE6E725
:10ADE000042B01D00134E3E72246002512F8023F8C
:10ADF000D95D1446490706D415F1FF35D8D3642030
:10AE000001F0BDFDF8E7303B08FB053512F8013FC6
:10AE1000EEE7FFF781FFCBE7BDE8F081DDF7000843
:10AE20000021FFF7B1BF4FF4E15001F0E1BB00009A
:10AE3000012370B50025144C144E2370202280216C
:10AE4000304602F04EFF20224021304602F049FFFA
:10AE500001352278EBB29A42F0D8FFF7E4FF0022E6
:10AE600025780B48094CD3B2AB4200D370BD2169A1
:10AE70002369C1F3C0115B0903F002030B4300F81F
:10AE8000013B0132EFE700BF6C2A002000040040C4
:10AE90006A2A00202DE9F0470025A846514E524F5E
:10AEA00088B03378ECB2A34203D8404608B0BDE87E
:10AEB000F0874E4B1A691B69C2F3C0125B0903F09D
:10AEC000020313434A4A115D01F00300984200F067
:10AED000828043EA8103DBB24649135503F00F0237
:10AEE0008A5C395D0A44D2B251B20332D2B2062A28
:10AEF000395503D803F00303032B70D100296CDD0F
:10AF00003D4A4FF00109135D4FF0FC0A0133135520
:10AF100000F0F8FD40EA090002AB8DF808408DF81A
:10AF200009A08DF80A90ADF80C0093E80300FAF739
:10AF3000BFFC642001F023FD00F0E4FD00238DF848
:10AF400002306B4640EA09008DF800408DF801A000
:10AF5000ADF8040093E80300FAF7AAFC642001F0BE
:10AF60000EFD4B463A57002A31DA234A4FF00109C9
:10AF7000135D4FF0FD0A013B135500F0C3FD40EA9D
:10AF8000090008AB8DF818408DF819A08DF81A90BB
:10AF9000ADF81C0013E90300FAF78AFC642001F005
:10AFA000EEFC00F0AFFD002340EA09008DF81230FE
:10AFB0008DF8104004AB8DF811A0ADF8140093E8A3
:10AFC0000300FAF775FC642001F0D9FC4B4600221F
:10AFD0003A5548EA0308013563E70023C2E7002336
:10AFE000F7E700BF6C2A0020692A00200004004017
:10AFF0006A2A0020BC0601086B2A00200520704741
:10B000001E23520003FB0121B42303FB001000F2B6
:10B010000A307047042838B510D805290ED80E2AF2
:10B020000CD8FFF7EDFF0546FCF702FC000284B2E6
:10B03000681CFCF7FDFB204380B238BD0020FCE714
:10B04000042870B51C460FD805290DD80E2A0BD838
:10B05000FFF7D6FF0546210AFCF752FCE1B2681C57
:10B06000BDE87040FCF74CBC70BD042870B51646B6
:10B0700018D8B9B9002A4FEA800000F28E6514BFD3
:10B08000002002202844FCF7D3FB002E4FEA0020CA
:10B0900084B214BF012003202844FCF7C9FB2043DD
:10B0A00080B270BD0020FCE7042870B516461D462E
:10B0B00015D8A1B98000002A00F28E6414BF0020C8
:10B0C0000220190A2044FCF71BFC002E14BF0120AB
:10B0D0000320E9B22044BDE87040FCF711BC70BD0C
:10B0E0002DE9F84300250026ECB216E0FAF73EFA07
:10B0F000A8425FFA87F914DD4A4641462046FAF72E
:10B1000037FA03464A46414620460137FFF798FF83
:10B110000F2FEBD10136062E20D000275FFA86F8DC
:10B12000E4E70123EEE7012200212046FAF736FA90
:10B130000122034600212046FFF7B6FF00222046E9
:10B140001146FAF72BFA0346002220461146013534
:10B15000FFF7AAFF052DC6D1BDE8F883FAF71CFA60
:10B16000A842E0DC012300211A462046FFF79CFF9D
:10B170000123E9E7F8B51446002700F20A3556180E
:10B18000B44200D1F8BDA5F20A33B3F5617F06DA07
:10B190002846FCF74DFB207001350134F0E727709D
:10B1A000FAE7F8B50E461746002400F20A35B44215
:10B1B00000D1F8BDA5F20A33B3F5617F03DA395D3A
:10B1C0002846FCF79DFB01350134F0E7042810B454
:10B1D00006D8052904D80E2A02D810BCFFF71ABFDA
:10B1E000002010BC7047042802D809B9FFF73DBF02
:10B1F000002070471020704740F65E1070472DE920
:10B20000F0411446054640F65D174FF00008561809
:10B21000B44205F2A26001D1BDE8F081BD4205DC77
:10B22000FCF706FB207001340135F1E784F800805B
:10B23000F9E7F8B51446054640F65D175618B442CE
:10B2400005F2A26000D1F8BDBD4202DC2178FCF716
:10B2500057FB01340135F2E710B540F2A2642046F5
:10B2600000210134FCF74CFBB4F5805FF7D110BD31
:10B270000F28F7B505464ED840F6FF70FCF7D8FA10
:10B28000002848D140F2A2642DBBCDE900552046EC
:10B29000FCF7CEFA661C8DF800008DF80150D0B393
:10B2A000012812D13046FCF7C3FAA71C8DF8010023
:10B2B00088B3431E022B19D83846FCF7B9FAE61CAE
:10B2C0008DF8020038B38DF803500A216846FFF765
:10B2D0005BFD3446DBE7B4F5805F1CD02046FCF70D
:10B2E000A7FA08B9013DEDB20134CDE7042814D125
:10B2F00002243846FCF79CFA7E1C0DF8040050B17D
:10B300007C2804D102AB1C4404F8075CDDE701345F
:10B31000072C3746EDD103B0F0BD3E46D5E700001F
:10B3200047F61643984210B50C461BD1FBF7AEF911
:10B33000A2780D4B72B100F0AA00002815BF0122BF
:10B340000022352029201A70FBF770F9FBF7FAF973
:10B35000002010BD1B78002B14BF35202920FBF7DF
:10B360006DF9F3E70120F4E76D2A0020F8B51446E3
:10B3700082781D469DF81870284B92B11C7000F021
:10B38000C1FB274B188004F12003DBB2072B44D804
:10B39000012004F00704A040C0B2BDE8F840F7F770
:10B3A00051BC1E78A6422ED11D4B188800F0AFFB71
:10B3B000C72828D8AE4205F1200415D006F1200395
:10B3C000DBB2072B06D8012006F00706B040C0B25A
:10B3D000F7F764FCE3B2072B06D8012005F007035A
:10B3E0009840C0B2F7F72EFC3846E4B2FAF79DFA5F
:10B3F000072C12D8012005F00705A840C0B2BDE80F
:10B40000F840F7F74BBC04F12003DBB2072B04D85C
:10B41000012004F00704A040F0E7F8BD6E2A0020E8
:10B42000702A002013B5A0F5F84018380C460628FD
:10B430003BD8DFE800F0171E0410252C330026232C
:10B440000093E12347F61A411A462046FFF78EFF84
:10B45000002002B010BD27230093E52347F61B41CF
:10B460001A46F2E72623E022009347F61841E1232B
:10B47000EBE72723E422009347F61941E523E4E7AD
:10B480002623E222009347F61C41E123DDE7272330
:10B49000E622009347F61D41E523D6E72823E5225F
:10B4A000009347F61E410123CFE7887818B10022A8
:10B4B000024B1A70CDE70120CBE700BF6E2A0020B7
:10B4C00047F67743984270B506D047F678439842DE
:10B4D00029D00124204670BD8C7894B100F02CF85E
:10B4E000FAF7F6FC00F028F8044600F02BF80546C1
:10B4F00000F02EF8294602462046FAF7F9FD00240E
:10B50000E8E700F019F8FAF7EFFC00F015F8054647
:10B5100000F018F8064600F01BF8314602462846AF
:10B52000FAF7E6FDD6E78C7814B100F00BF8D7E710
:10B5300000F008F8E7E70000014B1878704700BFFB
:10B54000C50F0020014B1878704700BFC60F0020C0
:10B55000014B1878704700BFC40F00200E4B10B588
:10B560001A78BAB901220D4C1A70206040F282326A
:10B570004FF480610A4802F0B4FB4FF400610848C0
:10B5800040F2823202F0ADFB2146BDE81040054892
:10B5900001F078BE10BD00BF722A0020C80F002045
:10B5A00000080040803D002008B54FF0FF31024800
:10B5B00001F049FDC0B208BD8C3D00200A464FF0A5
:10B5C000FF330146014801F0E3BD00BFB03D00205C
:10B5D0000A464FF0FF330146014801F05ABD00BF53
:10B5E0008C3D002008B5034801F071FE80F0010099
:10B5F000C0B208BD803D0020194B10B51C786CBB53
:10B60000012208211A701748224602F06AFB2246DE
:10B610002021144802F065FB22461021114802F057
:10B6200060FB4FF47A7001F0AAF941F682220821FA
:10B630000C4802F056FB40F282222021094802F019
:10B6400050FB40F282221021064802F04AFB0648D5
:10B6500001F066FE4FF0FF32044B1A6010BD00BFD0
:10B66000732A002000040040DC3E0020D00F0020A0
:10B6700001461A4810B5046801342BD14C1C29D05E
:10B6800053B3174C9B0023822346032A05D8DFE8D7
:10B6900002F0021A1D1F0022DA600124016021F06D
:10B6A0000F0001F00F019960224604FA01F1586081
:10B6B00002F017FB0A490B4801F024FE094801F08B
:10B6C0003DFE204610BD4FF48002E5E78022E3E70F
:10B6D000054AE1E70020F5E71846F3E7D00F002020
:10B6E000742A0020DC3E0020800040001FB50121AC
:10B6F0008DF807000DF10F030DF10702034801F06B
:10B7000044FE9DF80F0005B05DF804FBDC3E002010
:10B71000002307B501210DF1070205488DF8073018
:10B7200001F055FE9DF8070003B05DF804FB00BF73
:10B73000DC3E002008B50246024801F037FE00203A
:10B7400008BD00BFDC3E002008B50246024801F0FB
:10B750003EFE002008BD00BFDC3E002010B5074CB7
:10B760002368013308D0064801F0F6FD044801F0D3
:10B77000D7FD4FF0FF33236010BD00BFD00F002076
:10B78000DC3E0020014B1860704700BF882A002073
:10B79000024B186808B1036818477047882A0020D0
:10B7A00008B5FFF7F5FF08BD084B1B686BB1084AE9
:10B7B000127842B1074A92F90020002ABFBF0278EE
:10B7C0004270062202705B6818477047882A002082
:10B7D00004110020B83B00200B4B07B51A888242A9
:10B7E0000ED01880094B1B6853B103228DF8050059
:10B7F000000A8DF806008DF80420DB6801A8984740
:10B8000003B05DF804FB00BF8E2A0020882A0020C8
:10B810000B4B07B51A8882420FD01880094B1B6862
:10B820005BB104228DF80500000A8DF806008DF842
:10B830000420DB680DEB0200984703B05DF804FBC1
:10B840008C2A0020882A00200C4B821C1B7863B1B4
:10B850000B4B93F90030002BACBF06231E230020B6
:10B86000013BDBB2FF2B02D170470623F7E712F84A
:10B87000011B0029F4D00130C0B2F1E7041100200F
:10B88000B83B0020F1B1114B1B789BB1104B93F9E1
:10B890000030002B0EDACA081D2A13D801231044E9
:10B8A00001F0070103FA01F18378194214BF012066
:10B8B00000207047831C083013F8012B8A4203D004
:10B8C0008342F9D100207047012070470411002005
:10B8D000B83B00204FF0FF33002230B5851C15F82F
:10B8E000014B8C420ED0B3F1FF3F02D1002C08BFB8
:10B8F00013460132D4B2062C62B2F0D15A1C01D0E8
:10B900001844817030BD002210B5831C083013F834
:10B91000014B8C4208BF03F8012C8342F7D110BDC4
:10B92000CB081D2B07D8184401F0070301219940CB
:10B930008378194381707047CB081D2B08D81844B1
:10B94000012301F007018B40817821EA0301817016
:10B950007047000010B4094C034624780A463CB1F5
:10B96000074C94F90040002C02DA10BCFFF7D8BF56
:10B970001146184610BCFFF7ADBF00BF04110020F0
:10B98000B83B002010B4094C034624780A463CB169
:10B99000074C94F90040002C02DA10BCFFF7CCBF32
:10B9A0001146184610BCFFF7AEBF00BF04110020BF
:10B9B000B83B0020074B02301B7843B1064B93F98C
:10B9C0000030002B03DA1E220021F4F74FBE0622BE
:10B9D000FAE700BF04110020B83B002070470000C8
:10B9E000002814BF0220012008B5024B1870F8F798
:10B9F000E5FC08BD902A0020032008B5024B187012
:10BA0000F8F7DCFC08BD00BF902A0020FFF7E8BF74
:10BA1000012008B5024B1870F8F7D0FC08BD00BF34
:10BA2000902A0020FFF7F4BF704708B501F0BEF878
:10BA3000BDE8084000F0B6BD08B5FAF73DFEFAF7DC
:10BA400051FEFAF703FE0020FFF7C6FE0020FFF7C5
:10BA5000DFFEBDE80840F9F7DEBE0000302383F3C7
:10BA60001188064BDA69064B1A600023054A1360F9
:10BA7000054A136083F31188704700BF203D002002
:10BA80009C2A0020942A0020982A0020FFF7E6BF75
:10BA9000D0B5302383F31188134B144C144AD96961
:10BAA00023681068C91A884212480AD9A3F583335B
:10BAB000E03B23600468104B01F583312344E031FF
:10BAC000036011600468002383F311884FF47A70D7
:10BAD00000270A4E0A4AE0FB016700233046394638
:10BAE000F4F784FB2044D0BD203D00209C2A002098
:10BAF000942A0020982A002088598F029F860100EE
:10BB0000A086010008B5FFF7C3FF80B208BD10B5DD
:10BB10000446FFF7BDFF001B80B210BD10B5044600
:10BB2000FFF7B6FF001B10BDBFF34F8F0549064B53
:10BB3000CA6802F4E0621343CB60BFF34F8F00BFCB
:10BB4000FDE700BF00ED00E00400FA0508B5024A79
:10BB5000024B1A60FFF7E8FFEFBEADDEFC6F00207E
:10BB60000A4A08B552F8041C094B99420DD100232A
:10BB700042F8043C83F31488064B1B6883F308885F
:10BB800062B6054B1B689847FEE708BD00700020B1
:10BB9000EFBEADDE00E0FF1F04E0FF1F08B5FFF7BA
:10BBA000C3FF704710B5084A084C117824784B1C25
:10BBB00003F00F039C421DBF054C1370605400201E
:10BBC00018BF012010BD00BF0C3D00200D3D00201E
:10BBD000FC3C0020F8B50B4C90F84B7090F84A6094
:10BBE0001D460020234643F8040F42EA012046EA9E
:10BBF0000722294600F0C2FA20606068002818BFBA
:10BC00002046F8BDC02B002090F84A10054B0229B1
:10BC10001A7804D1012A01D0062A02D15A78024B9F
:10BC20001A7070471C2C0020F82B002008B5302318
:10BC300083F31188034800F0DDFB002383F31188B0
:10BC400008BD00BF8410002038B5044605293DD842
:10BC5000DFE801F0303C0330303D302383F31188BE
:10BC6000204D214A012101F011FC204A03212046E8
:10BC700001F00CFC95F8901005F14402204601F00B
:10BC800005FC95F8921021B105F16802204601F0FB
:10BC9000FDFB174800F077FB002383F31188154B59
:10BCA0001B7813B10520FFF77DFF0220BDE8384067
:10BCB000FFF778BF0846FFF775FF302383F311883D
:10BCC0000B4800F03DFB002383F3118838BD30237F
:10BCD00083F31188064800F04BFB002383F311889F
:10BCE0000520E3E7D40F0020CC060108F006010888
:10BCF00084100020192C002070B5044606480D461B
:10BD000003680BB100F09EFC2B462146BDE8704055
:10BD1000024A014800F08EBCE02B002021BD000843
:10BD200070B530230E4683F311880B78042B03D0B3
:10BD3000002383F3118870BD144B1B78DB09F7D106
:10BD4000134C2278002AF3D0124B1B78002BEFD033
:10BD50000B899B0705D408230F4A0121304601F0C7
:10BD6000E7FB40F2E73000210C4B24784FF47A7265
:10BD7000A4FB034520184FF0000345EB0101F4F745
:10BD800035FA31468000FFF7B7FFD1E7B83B002016
:10BD9000DC2B002004110020F92B0020A0860100DC
:10BDA000F8B590F84430044603F07F02212A77D199
:10BDB00013F080032AD0002B72D090F8450002289F
:10BDC0001FD0032814D001286AD194F848302BB929
:10BDD000474AA2630822E2632364F8BD454B94F806
:10BDE0004620A3631A7094F84A30E3630023F3E714
:10BDF000B4F84830002B53D101203F4AE063A263DE
:10BE0000EAE701203D4BE063A363EFE790F845309C
:10BE10000A2B3CD00B2B0ED0092B41D190F8483087
:10BE20000BB1022B3CD1364BA3630223E363354BAA
:10BE300023640120D1E7B0F8483023BB90F8465086
:10BE40002D4B002D14BF012200221A701BD12B4B49
:10BE50001A78C2B1302282F3118840F2E730002113
:10BE60001E78294B4FF47A72A6FB036730184FF007
:10BE7000000347EB0101F4F7B9F921468000FFF711
:10BE80003BFF85F311880023A363E363D0E71F49D9
:10BE900090F847200D78194BED091A70F3D1D8E7C7
:10BEA00040F28163B4F844209A4216D194F84920B4
:10BEB000616894F848304D6843EA022394F84710CB
:10BEC00094F846202046A84708B9002085E7436833
:10BED000A3630368E3630023AAE70D4B93F8923052
:10BEE000002BF2D02046BDE8F84000F063BA00BF56
:10BEF000F92B0020342C002004110020DC2B002022
:10BF00001C2C002009BC0008A0860100B83B0020C2
:10BF1000D40F002008B5102200210448F4F7A6FB36
:10BF20000023034A1370034A137008BDFC3C002031
:10BF30000C3D00200D3D0020F8B5294D294E2C4622
:10BF4000002130782B78284F984230D101B12070F1
:10BF5000F8BD01222370254B1A70254B93F84F1022
:10BF6000081C18BF0120FFF747FDE9E700222370F6
:10BF70001E4B1A70FFF760FD1D4B93F84F10081C05
:10BF800018BF0120FFF742FDDAE72370184B93F842
:10BF90004F10081C18BF0120FFF722FDD0E7002139
:10BFA00023700846F8E72370FFF732FDC8E71A460A
:10BFB000BA5C013303F00F030121052AC4D80FF244
:10BFC000080C5CF822F000BFA7BF000849BF0008BA
:10BFD0008BBF00089FBF000853BF00086DBF00085B
:10BFE0000D3D00200C3D0020FC3C0020192C0020C1
:10BFF000443F002070B50546144C04F10803A365C6
:10C0000004F11C03E36504F13003E36704F18C06DB
:10C01000B0343146204600F051F93146204600F058
:10C0200077F9284601F03CFE284601F005FA41F276
:10C03000883000F0A4FC0649284601F0EAF92846B9
:10C0400001F00CFE0022034B1A6070BDD40F0020DB
:10C0500014070108E02B0020014B1878704700BF3F
:10C06000F82B002013460A460146014801F072BA37
:10C07000443F002010B50D4B04461B7853B90146D0
:10C0800008220120FFF7EEFF202221460848F4F79E
:10C0900077FA10BD074B014693F90030002BABBF78
:10C0A0000822202201200320ECE700BF0411002019
:10C0B000F92B0020B83B00207047032201461046B0
:10C0C000FFF7D0BF202910B40A46044606D1044821
:10C0D000214650F8B03F10BC5B68184710BC704751
:10C0E000D40F002070B50A4C88B004F1B005D4F824
:10C0F000B03020221E6A694600232846B04720B18E
:10C10000C1B26846FEF710FCF1E708B070BD00BF91
:10C11000D40F0020FFF724BD7047704708B5FFF724
:10C12000F9FF01F019FCFFF7F7FF08BD08B501F0B2
:10C130002FFCFFF7F2FF08BDFFF774BC08B5FFF74F
:10C14000E9FE0648FFF756FF054B064A41F28830E4
:10C150001A60BDE8084000F012BC00BF443F002058
:10C16000542C002008110020014B1868FFF70ABB6F
:10C17000542C0020FFF7E0BEFFF7B4BF020A032AE9
:10C1800012D006D8012A20D0022A21D0002002464F
:10C1900019E0212A11D0222AF8D10229F6D80E4A14
:10C1A0000E4852F8212006E0C0B20228EED80C4A10
:10C1B0000C4952F82020405C05E00229E6D809200D
:10C1C000094A52F821201A6070471220074AFAE7FC
:10C1D0005B20074AF7E700BF400701084C0701084A
:10C1E000240701083007010834070108AA070108DD
:10C1F0004F07010813B5446BE36F1A6811780429DF
:10C2000015D1217A022912D11979012312898B4083
:10C2100013420CD101A904F1440000F0C4FD024610
:10C2200028B1E46F019B2179206801F081F902B007
:10C2300010BD0C3000F051BD4FF0FF330C3000F05A
:10C240004CBD443000F017BE4FF0FF33443000F0D7
:10C2500012BE0C3000F024BD4FF0FF310C3000F066
:10C260001FBD443000F0E7BD4FF0FF32443000F016
:10C27000E2BDC26F70B5136805461978042901D074
:10C28000012070BD017A0229FAD1012052795C891E
:10C2900090400440F4D105F10C0000F0BCFC0246D3
:10C2A0000028EDD0EE6FAB6A3068043B717901F085
:10C2B0002DF92046E5E7406BFFF7DBBF7FB503466E
:10C2C00001260D4604460F4A43F8042B43600E4BEB
:10C2D000067202900193CB680C3000934B690A6A96
:10C2E000314600F076FC094B02940193AB68EA6991
:10C2F000009331462B6904F1440000F031FD04B095
:10C3000070BD00BFB8080108B7C20008F5C1000839
:10C310000B68302282F311880A7903EB8202906164
:10C320004A79093243F822008A7912B103EB820379
:10C3300098610223C1670372002383F31188704759
:10C3400038B5044601250221043000F0CBFB04F18E
:10C350000C0025756FF0010100F051FB84F84C5082
:10C3600004F144006FF00101BDE8384000F047BB24
:10C3700010B501210446043000F0B4FB00232375FE
:10C3800084F84C3010BD38B5044600250C3000F060
:10C3900037FC04F14400257500F0F9FC201D84F8F9
:10C3A0004C50012100F09EFB2046BDE83840FFF7CD
:10C3B00060BF000090F8443003F06003202B09D1E7
:10C3C00090F84530202B05D3212B05D9222B4FF097
:10C3D000000309D000207047054B83630723C36324
:10C3E00000230364012070478363C363F9E700BF40
:10C3F00018110020C36F73B51A6804461178042918
:10C4000027D1017A022924D11979012315898B407A
:10C410001D401ED100F14406304600F071FDC0B150
:10C42000304601A900F0BFFCE36F06461A7E4AB110
:10C4300001981A692946121A3044F4F717F9E36F84
:10C440001B690193E06F019B01793246006801F09E
:10C450006FF802B070BD00EB81032DE9F3419E69D6
:10C4600004460D46FEB1302383F311880821301DA8
:10C4700004EB850700F036FBFB6806F144085B69B6
:10C480001B6813B1404600F09BFC01A9404600F038
:10C490008AFC024650B1019B2946204601F048F82B
:10C4A000002383F3118802B0BDE8F081FB685A696C
:10C4B0001268002AF4D01B8A013B1342F0D1F36FBB
:10C4C0001B7E002BECD104F14402E5E7093110B5E5
:10C4D00050F82140C4B1302383F31188042160183F
:10C4E00000F000FBE26F04F10C001368527903EBDB
:10C4F0008203DB689B69596800F097FB2046FFF7D1
:10C50000B8FE002383F3118810BD7047024B034A25
:10C510001A60034A5A607047103D0020A03F002077
:10C5200000700020094B30B51C684D1E2244494262
:10C530002A440A4059681044884204D8A04202D3D1
:10C540001860104630BD0022FBE700BF103D002000
:10C5500008B5302383F31188FFF7E4FF002383F34A
:10C56000118808BD70477047FEE7000070B50820CD
:10C5700000240B4B93E826000439954207D8D9686C
:10C58000914209D8013803F11003F3D170BD51F87D
:10C59000046F42F8046BF0E742F8044BF0E700BF89
:10C5A000E008010838B501230025074C23706560B9
:10C5B000FFF7ACFF0549064800F034F90223237069
:10C5C00085F3118838BD00BF183D002060090108BF
:10C5D000203D002072B60322024BD865024B1A7030
:10C5E000FEE700BF203D0020183D002000F03CB8D1
:10C5F000034B59685A68521A9042FBD8704700BFE3
:10C60000001000E010B50A4A13699C68A1420CD8DA
:10C610005C68816003604460206058609868411ADB
:10C6200099604FF0FF33936110BD091B1B68ECE765
:10C63000203D00200361002310B4C260436110BCA0
:10C64000FFF7E0BF036881689A680A449A6042680D
:10C6500013605A6000234FF0FF320360014B9A6170
:10C66000704700BF203D002070B5124D2946EA6991
:10C670000132EA6151F8102F8A4206D030269368C1
:10C68000013B93602C69A36803B170BD22686168A7
:10C690000A605160236083F31188E36821692046B2
:10C6A000984786F3118861690029EBD02046FFF78F
:10C6B000A9FFE7E7203D0020002382680375036996
:10C6C0001B6899689142FBD25A680360426010600F
:10C6D0005860704700238268037503691B68996876
:10C6E0009142FBD85A6803604260106058607047FE
:10C6F00008B5302383F311880A7D0023052A06D864
:10C70000DFE802F00C050503130F8A6913604FF090
:10C71000FF3308468B61FFF7CFFF002383F31188B7
:10C7200008BD8A699368013393604A680B68136097
:10C730005A60ECE7FFF7C0BF054BD9680875186869
:10C74000026853601A6001220275D860F3F738BDA1
:10C75000203D002030B50C4B87B0DC684B1C0546F3
:10C760000FD02346094A6846FFF764FF2846FFF7C3
:10C77000E3FF009B13B16846FFF764FFA06907B0B1
:10C7800030BDFFF7D9FFF9E7203D0020F1C60008D2
:10C7900038B50C4D8161EB6881689A680446914216
:10C7A00003D8BDE83840FFF787BF1846FFF792FF70
:10C7B0000123EC60237501462046BDE83840F3F7BD
:10C7C000FFBC00BF203D0020044B1A68DB68906866
:10C7D0009B68984294BF002001207047203D0020B4
:10C7E000084B10B51C68D868226853601A60012293
:10C7F0002275DC60FFF76EFF01462046BDE8104061
:10C80000F3F7DEBC203D0020044B1A68DB68926819
:10C810009B689A4201D9FFF7E3BF7047203D002093
:10C82000FEE7000070B504460025194B86B085620E
:10C8300021630E46586000F073F904F11003236180
:10C8400063614FF0FF33A361124BE561DA690023A6
:10C8500004F13401C4E9082324606460A560E56242
:10C86000E56580230C4A204600F01CF801230B4AA2
:10C87000E06003750092726868460192B268CDE983
:10C880000223074BCDE9043500F03EF806B070BD39
:10C89000183D0020203D00206F090108740901089F
:10C8A00021C800088B6002224B62002308618A8243
:10C8B0000B62CB61084670478368C168A3F14C02E4
:10C8C00043F81C2C026943F84C2C42690C4843F88D
:10C8D000482C0C4A43F8180C43F82C2C022203F87D
:10C8E000142C002243F8201C03F8132C43F8041CDA
:10C8F00043F8082C43F80C2CA3F12800704700BF24
:10C90000203D0020D101000808B5FFF7D5FFBDE8A4
:10C910000840FFF70FBF000038B5302484F31188BA
:10C920002839441844F8243C049B002544F8203C52
:10C930000A4BA4F1240144F8043C0223A382084BCF
:10C94000E160A260236162622562E56129462046BA
:10C95000FFF71EFF85F31188204638BDD10100087E
:10C96000203D0020024BDB6898610F20FFF7E4BEFA
:10C97000203D0020302383F31188FFF7F3BF08B573
:10C980000146302383F311880820FFF7E3FE0023DC
:10C9900083F3118808BD0000054BDB6821B10360FB
:10C9A00098610320FFF7D6BE4FF0FF30704700BFFD
:10C9B000203D002003682BB10022026099611846D7
:10C9C000FFF7B8BE70470000064BDB6839B142681C
:10C9D00018605A60136043600420FFF7BBBE4FF03D
:10C9E000FF307047203D00200368984206D01A6847
:10C9F0000260506099611846FFF79CBE704738B5D9
:10CA000004460D462068844200D138BD0368236087
:10CA10005C608561FFF78EFEF4E7034610B51B6886
:10CA2000984203D09C688A689442F8D25A680B6096
:10CA30004A601160596010BD00230060406083604F
:10CA40007047000070B5174B84680646DD689CB9D6
:10CA50002B6A8560C360286270BDA360237D83B1AB
:10CA6000062B15D123686268A069214613605A60BD
:10CA7000FFF7D3FFA3699C68AB68A2689A42ECD326
:10CA800006E062682368204613605A60FFF752FE92
:10CA900030462946FFF7C1FFAE610620BDE8704071
:10CAA000FFF74ABE203D002008B5302383F31188EC
:10CAB000FFF7C8FF002383F3118808BDC36919433A
:10CAC000037DC1610A2B03D18369194205D17047E7
:10CAD0000B2B06D183698B4303D100238361FFF7BE
:10CAE00029BE704770B506460D460468B44200D1B1
:10CAF00070BDE3682B43E36015B123691D4203D089
:10CB0000A1686068FFF7DAFF2468EFE7EFF30983B5
:10CB1000203383F30988002383F3118870470000D2
:10CB2000302080F3118862B60B4B0C4AD96821F48F
:10CB3000E0610904090C0A430949DA60CA6842F055
:10CB40008072CA6007490A6842F001020A60202226
:10CB5000DA7783F82200704700ED00E00003FA0561
:10CB6000F0ED00E0001000E010B5302383F31188F1
:10CB70000B4B5B6813F400630FD0EFF309844FF0A5
:10CB80008073203CE36184F30988FFF71DFE10B138
:10CB9000044BA36110BD044BFBE783F31188F9E755
:10CBA00000ED00E0E3010008E601000808B500F030
:10CBB0009DFF01F095F800F043FB00F097FB00F0BB
:10CBC0001AFCFFF7B3FABDE8084000F000B801F026
:10CBD000A7B80172002130B5039C043304FB032580
:10CBE000C361049B00600363059B4060C1604261B8
:10CBF00002618561046242628162C162436330BD49
:10CC00000022416AC260416101618262C2626FF0CA
:10CC10000101FFF7F4BE03694269934201D1C26882
:10CC20000AB9181D70470020704703691960C2686F
:10CC300000210132C260C2691344826903619342D8
:10CC400024BF436A0361FFF7CFBE38B504460D46E3
:10CC5000E3683BB162690020131D1268A3621344AC
:10CC6000E36207E0237A33B929462046FFF7ACFE9A
:10CC70000028EDDA38BD6FF00100FBE7C368C26938
:10CC8000013BC3604369134482694361934224BFFB
:10CC9000436A436100238362036B03B11847704703
:10CCA00070B53023044683F31188866A3EB9FFF7D6
:10CCB000CCFF054618B186F31188284670BDA36ADB
:10CCC000E26A13F8015B9342A36202D32046FFF7A6
:10CCD000D5FF002383F31188EFE72DE9F84F0446D1
:10CCE0000F4691469A464FF0300888F31188002588
:10CCF000AB46A66A4EB951462046FFF7A6FF20B1C3
:10CD000086F311882846BDE8F88FA16AE66AA9EB88
:10CD10000503761A9E4228BF1E46402E16D9384675
:10CD20004022F3F72DFCA36A40374033A36240351D
:10CD3000A26AE36A9A4202D32046FFF79FFF8BF371
:10CD400011884D45DED288F31188D2E73846324645
:10CD5000F3F716FCA36A37443344A3623544E7E78C
:10CD600010B5029C04330172C36103FB042100234C
:10CD70008362C362039B00600363049B4060C460E2
:10CD800042610261816104624262436310BD026AD2
:10CD90006FF00101C260426A426102610022826258
:10CDA000C262FFF72CBE436902699A4201D1C26890
:10CDB00022B9184650F8043B0B60704700207047BA
:10CDC000C368C2690133C3604369002113448269A7
:10CDD0004361934224BF436A4361FFF705BE38B500
:10CDE00004460D46E3683BB1236900201A1DA26288
:10CDF000E2691344E36207E0237A33B92946204607
:10CE0000FFF7E2FD0028EDDA38BD6FF00100FBE727
:10CE100003691960C268013AC260C2691344826939
:10CE20000361934224BF436A036100238362036B5F
:10CE300003B11847704770B5302304460E4683F39C
:10CE40001188856A35B91146FFF7C9FF10B185F31E
:10CE5000118870BDA36A1E70A36AE26A013393420F
:10CE6000A36204D3E16920460439FFF7D1FF002013
:10CE700080F31188EDE72DE9F84F04460F469146FF
:10CE80009A464FF0300888F311880025AB46A66A11
:10CE90004EB951462046FFF7A2FF20B186F3118814
:10CEA0002846BDE8F88FA06AE66AA9EB0503361AA2
:10CEB0009E4228BF1E46402E18D939464022F3F71D
:10CEC0005FFBA36A40374033A3624035A26AE36A3E
:10CED0009A4204D3E16920460439FFF799FF8BF3A6
:10CEE00011884D45DCD288F31188D0E739463246A7
:10CEF000F3F746FBA36A37443344A3623544E5E7BE
:10CF0000026943699A4217D1C3689BB1836A8BB1A6
:10CF1000043B9B1A0ED01360C368013BC360C36916
:10CF20001A44836902619A4224BF436A0361002361
:10CF300083620123184670470023FBE7F8B51546C6
:10CF400082680B46AA428169066938BF8568761AED
:10CF5000B542044607D218462A46F3F711FBA369E7
:10CF60002B44A3610DE011D932461846F3F708FBB4
:10CF7000AF1B3A46E1683044F3F702FBE2683A44FB
:10CF8000A261A36828465B1BA360F8BD18462A4629
:10CF9000F3F7F6FAE368E4E72DE9F04104461546B5
:10CFA00083682669934238BF856840690F46361A00
:10CFB000B54206D22A46F3F7E3FA63692B4463616C
:10CFC0000DE012D93246A5EB0608F3F7D9FA42462E
:10CFD000B919E068F3F7D4FAE26842446261A368E1
:10CFE00028465B1BA360BDE8F0812A46F3F7C8FA28
:10CFF000E368E4E710B50024C361029B0A440060C3
:10D0000040608460C160816141610261036210BD62
:10D0100008B582694369934201D1826882B9826806
:10D02000013282605A1C4261197003694269002111
:10D030009A4224BFC3684361FFF7D6FC002008BDB5
:10D040004FF0FF30FBE770B5302304460E4683F304
:10D050001188A568A5B1A368A269013BA360531C10
:10D06000A36115782269934224BFE368A361E36951
:10D070000BB120469847002383F31188284607E028
:10D0800031462046FFF7A0FC0028E2DA85F311883C
:10D0900070BD2DE9F74F05460F4690469A46D0F8E9
:10D0A0001C90302686F311884FF0000B144664B1B3
:10D0B000224639462846FFF741FF034668B95146E4
:10D0C0002846FFF781FC0028F1D0002383F3118864
:10D0D000A8EB040003B0BDE8F08FB9F1000F03D056
:10D0E00001902846C847019B8BF31188E41A1F441E
:10D0F00086F31188DBE7C361009BC16081614161F8
:10D100001144006040608260016103627047F8B5BD
:10D1100004460E461746302383F31188A568A5B14F
:10D12000A368013BA36063695A1C62611E70236996
:10D1300062699A4224BFE3686361E3690BB12046E8
:10D140009847002080F3118807E039462046FFF712
:10D150003BFC0028E2DA85F31188F8BD8369426957
:10D1600010B59A4201D182687AB9826800210132F1
:10D1700082605A1C82611C7803699A4224BFC3688A
:10D180008361FFF731FC204610BD4FF0FF30FBE715
:10D190002DE9F74F05460F4690469A46D0F81C9069
:10D1A000302686F311884FF0000B144664B12246F6
:10D1B00039462846FFF7F0FE034668B9514628462F
:10D1C000FFF702FC0028F1D0002383F31188A8EBBD
:10D1D000040003B0BDE8F08FB9F1000F03D0019057
:10D1E0002846C847019B8BF31188E41A1F4486F335
:10D1F0001188DBE70C30FFF74CBF4FF0FF330C30EA
:10D20000FFF747BF3030FFF7C3BF4FF0FF33303079
:10D21000FFF7BEBF0C30FFF716BF4FF0FF310C30E9
:10D22000FFF711BF3030FFF772BF4FF0FF323030E1
:10D23000FFF76DBF012914BF6FF013000020704786
:10D2400000F010BE034637B515460D4A044643F8B4
:10D25000042B436001238022037200900B4600F1EF
:10D2600054010C30FFF7C6FE00942B46802204F1D7
:10D27000D40104F13000FFF73EFF03B030BD00BF22
:10D280007C09010810B53023044683F3118800F0AF
:10D29000FBFD02230020237280F3118810BD38B5F6
:10D2A000436904460D461BB904210844FFF71AFCE4
:10D2B000294604F10C00FFF7ABFE002806DA201D1A
:10D2C0004FF40061BDE83840FFF70CBC38BD302397
:10D2D00083F311880023406983F31188B0FA80F04A
:10D2E000400970474FF0FF31FFF756BB00F0A2BE78
:10D2F0000123037000230C3040F8083C40F8043C44
:10D30000FFF79ABB10B53023044683F311884160C0
:10D3100000F0A6FE02230020237080F3118810BDC8
:10D3200010B53023044683F3118800F00BFF00236F
:10D3300001226360227083F3118810BD302383F3D0
:10D340001188436899685A684FF480338B40936121
:10D35000002383F311887047302383F311884368D7
:10D3600099685A6801238B409361002383F31188E5
:10D37000704710B5302484F311880324047000F042
:10D3800022FF002383F3118810BD38B504463025F1
:10D3900085F31188032504F8085B00F0FFFE2046A2
:10D3A000FFF7A0FF002383F3118838BD10B53023A9
:10D3B000044683F31188032304F8083B00F003FFBD
:10D3C0002046FFF78FFF002383F3118810BD10B5AF
:10D3D0003023044683F31188032304F8083B00F04C
:10D3E00008FF2046FFF77EFF002383F3118810BD5E
:10D3F0000C30FFF759BB01F021B901230370002362
:10D40000C36183620362C3624362036343608360F8
:10D41000704738B50546302383F3118800244160F6
:10D42000C46004614461846101F00EF902232B7031
:10D4300084F31188204638BD70B53023064683F347
:10D44000118801F019F9344600250123756004F8AC
:10D450000C3B1C3654F8043B7BB1586920B16FF08B
:10D4600001010C30FFF7A6FA54F8043C986920B18A
:10D470006FF001010C30FFF79DFAB44244F8045CF0
:10D48000E8D1FFF7C1F985F3118870BD70B500EBE5
:10D490008103054650690E461446DA6018B114221D
:10D4A0000021F3F7E3F8A06918B114220021F3F783
:10D4B000DDF831462846BDE8704001F0FBB8F8B50C
:10D4C00004460027836800F1100503F00113836010
:10D4D00000F11C0655F8043B7BB1586920B16FF090
:10D4E00001010C30FFF766FA55F8043C986920B149
:10D4F0006FF001010C30FFF75DFAB54245F8047C8E
:10D50000E8D12046BDE8F84001F060B9F0B401254B
:10D5100000EB8104E4684789A4698D403D4345815F
:10D5200023600023A2606360E360F0BC01F0C0B937
:10D53000F0B4012500EB8104E468078964698D403B
:10D540003D43058123600023A2606360E360F0BC7B
:10D5500001F0CEB970B504460D46302686F3118829
:10D560000678042E05D0002383F311886FF00100A4
:10D5700070BD04EB8504FFF7DBFFE3684FF0FF317C
:10D5800058690C30FFF708FA002383F31188EFE79E
:10D59000037810B5052B0FD1084CC820E37A43F06F
:10D5A0000803E372637843F004036370FFF7E7F95D
:10D5B000637803F0FB03637010BD00BF00400140BF
:10D5C0002DE9F0410223002504464FF03008037096
:10D5D000C564856000F10C0600F11C0756F8043B99
:10D5E000ABB188F3118856F8043C586920B16FF04C
:10D5F00001010C30FFF7DEF956F8043C986920B1C0
:10D600006FF001010C30FFF7D5F985F31188BE42A8
:10D6100046F8045CE2D184F83450204601F0B8F8B2
:10D6200063681B6823B12046BDE8F041002118471C
:10D63000BDE8F081F8B50378044680F85030052342
:10D64000037043681B680BB10421984700263027FC
:10D65000A66004F10C051C3455F8043BABB187F30C
:10D66000118855F8043C586920B16FF001010C3065
:10D67000FFF7A0F955F8043C986920B16FF001015B
:10D680000C30FFF797F986F31188A542E4D1F8BD75
:10D69000436890F850201B6802700BB105211847B1
:10D6A00070470000F8B590F8343004460E4613B1C8
:10D6B000002380F8343004F144023146204601F062
:10D6C000DBF863689B68B3B994F8443013F06005E5
:10D6D00038D00021204601F04BF90021204601F00E
:10D6E00039F963681B6813B1062120469847062361
:10D6F00084F83430F8BD204698470028E4D094F8E8
:10D700004B2094F84A3043EA0223E26B9A4294F9A0
:10D71000442088BFE363002AE36B80F20781002B7B
:10D7200000F0FB80092384F83430302383F3118820
:10D730000021E36BA26B2046FFF7FAFE002383F380
:10D740001188D7E794F8452003F07F0343EA0223CA
:10D7500040F20232934200F0CC8025D8022B00F038
:10D76000A08009D8002B51D0012BB2D1774BA363F5
:10D770000223E36300234EE0B3F5817F00F0A6802F
:10D78000B3F5407F49D0B3F5807FA2D194F84630FD
:10D79000012B9ED1B4F84C3023F00203A4F84C3096
:10D7A000A563E5632564AAE740F2016293421DD8B0
:10D7B000B3F5C06F3BD2B3F5A06F8AD1B4F8443053
:10D7C000B3F5A06F0ED194F84630204684F84E3061
:10D7D00000F068FF63681B6813B101212046984779
:10D7E000032323700023A363E36314E0B3F5106FF6
:10D7F00033D040F602429342B8D0B3F5006F7FF4C5
:10D8000068AF04F14F03A363012324E004F14C0249
:10D81000A2630222E263236471E794F84630012B8D
:10D820007FF457AFB4F84C3043F00203B6E794F8F6
:10D830004920616894F848304F6843EA022394F81D
:10D84000471094F846202046B84700283FF441AFDF
:10D850004368A3630368E363A4E72378042B10D130
:10D86000302383F311882046FFF729FE85F31188C2
:10D870000321636884F84F501B6821700BB1204668
:10D88000984794F84630002BACD084F84F300423EE
:10D89000237063681B68002BA4D0022120469847A0
:10D8A000A0E794F8483020461D0603F00F010AD582
:10D8B00000F0C6FF012804D002287FF40AAF244BF1
:10D8C00055E7244B53E700F09FFFF3E794F8463009
:10D8D000002B7FF4FEAE94F8483013F00F0181D096
:10D8E0001A06204602D501F05BF87BE701F04CF800
:10D8F00078E794F84630002B7FF4EBAE94F848308C
:10D9000013F00F013FF46EAF1B06204602D501F065
:10D910002FF867E701F01EF864E7142384F8343029
:10D9200031462046BDE8F84000F0B6BF63B115238C
:10D9300084F83430302383F311880021E36BA26B29
:10D940002046FFF7E3FDF9E60B23E7E7A809010806
:10D95000A4090108A609010808B500F0C9F80B4B95
:10D960009A6C42F020029A649A6C9A6C42F04002DF
:10D970009A649A6C9A6C42F080029A649A6C9A6CDF
:10D9800042F480729A649B6C08BD00BF000C014099
:10D990007047162303604FF0FF3070470020704738
:10D9A000184670470020704710B50022044608460C
:10D9B0000121FEF7CDFD18B90C234FF0FF30236095
:10D9C00010BD08B51346002158221846F2F74EFE46
:10D9D0004FF400524260002008BD01207047000053
:10D9E00008B50248FEF7F6FDF2F782FDAA09010824
:10D9F00008B50248FEF7EEFDF2F77AFDAF0901081F
:10DA000001207047704700F16043090103F561434D
:10DA1000C9B283F80013012300F01F0240098000FF
:10DA200000F16040934000F56140C0F88031036030
:10DA30007047012200F01F039A4043099B0003F145
:10DA4000604303F56143C3F88020C3F880210023BD
:10DA500000F1604000F5614080F800337047090133
:10DA600000F16040C9B200F56D40017670470000DA
:10DA700017498A68022A12D0032A26D0154B164964
:10DA8000012A18BF0B46124A926902F07F02013246
:10DA900052080132B3FBF2F3104A13607047104A88
:10DAA0000B68526F49686FEA9212012902F0030273
:10DAB0000CBF08490B49033203F01F034A430133EB
:10DAC0005B080133B2FBF3F3DDE7074BDBE700BF95
:10DAD000000C0140006CDC0200127A0020110020D2
:10DAE000000401400048E801001BB700FFF7C0BF79
:10DAF00013B50C20032440F2BE71314B314A9C62B5
:10DB0000D862C2F8941000219962D9629C62D862EE
:10DB10008020C3F81C0CD3F81C0CC3F81C0C00911B
:10DB200001914FF40141C3F8481C4FF6FC71A3F575
:10DB3000744319630F2119600223136501234BF607
:10DB40008031D364936D03F001030193009B013393
:10DB50000093019B13B9009B8B42F3D1019B03B946
:10DB6000FEE7194B1949012019600021A3F59043E4
:10DB7000996180211962196A19622021586019601F
:10DB800019681960196801431960C02151679067CD
:10DB9000D16F0329FCD102229A6001220021DA60B0
:10DBA000074A9162D1629A6C42F400429A649A6C7C
:10DBB000DA6C42F40062DA64DB6C02B010BD00BFC4
:10DBC0000000014000040140005401401200000325
:10DBD000144B834225D1144B02201A6C134942F492
:10DBE00080721A641A6C42F002021A64D3F8882018
:10DBF00042F00202C3F88820D3F8882022F0020203
:10DC0000C3F8882001225A63DA670864DA660822BA
:10DC10005A615A6942F004025A615A6942F001029B
:10DC20005A617047443F0020000C0140004C014005
:10DC3000084B83420CD1084B5A6902F008025A6122
:10DC400000225A61DA66DA671A6C22F002021A645C
:10DC5000704700BF443F0020000C01400F4A936C06
:10DC600043F4004343F0200393644FF080436FF488
:10DC7000C0521A634FF07072DA624FF020721A606D
:10DC800000225A609A60DA604FF44C325A620122E4
:10DC900003F5A0335A700722DA727047000C014076
:10DCA0000E4A6FF48051936C43F4004343F0200319
:10DCB00093644FF080436FF4C0521A6300221A60DD
:10DCC0009A60DA6019634FF0807119604FF48051E7
:10DCD00059605A624FF080529A617047000C0140BF
:10DCE0007047C9434FF05533016302F003015943B4
:10DCF000016042F380014160C2F3C1015943816078
:10DD0000C2F341115943C160C2F3C1214B43C36205
:10DD10004FF01133C2F3C3125A430262426270479A
:10DD200040F2CF22044B08215A6000229A60072259
:10DD30000B201A60FFF793BE10E000E008B5302317
:10DD400083F31188FEF752FC002383F3118808BD8A
:10DD500008B5FFF7F3FFBDE80840FEF705BF000078
:10DD6000024A536843F00203536070470084004046
:10DD70002DE9F041384DD5F854717B69D806DCB2F5
:10DD80000AD5302383F311884FF48061281DFEF7F4
:10DD9000A9FE002383F31188302383F311882F4ECB
:10DDA000A6F1040814F00F0332D183F311887B68C5
:10DDB000980714D5A10612D5302383F3118828487B
:10DDC000FFF7CCF9002844DA08212448FEF78AFE40
:10DDD0007B6823F002037B60002383F311887B6858
:10DDE0009A0711D563060FD5302383F311886A6C27
:10DDF000AB6C9A4205D1AB6B1BB110211748FEF7F3
:10DE000071FE002383F31188BDE8F041FEF7ACBE3C
:10DE100014F0020F14BF4FF480710021620748BF55
:10DE200041F02001230748BF41F0400114F00104F4
:10DE300018BF41F080013046FEF754FE3B682CB11C
:10DE400095F8581140461940FFF729FA7C69E4B269
:10DE5000A8E73860C0E700BF803D0020843D002077
:10DE6000B03D002010B5054C054A00212046FFF7C3
:10DE7000E9F9044BC4F8543110BD00BF803D0020C7
:10DE800061DD00080084004038B5294C037A002980
:10DE900018BF0C46012B05461AD1264B984217D1C4
:10DEA000254B0821DA6C202042F00802DA64DA6C93
:10DEB000D3F8942042F00802C3F89420D3F89420B9
:10DEC00022F00802C3F89420D3F89430FFF79BFDAA
:10DED000D5F85431E1791A6902F050020A431A6107
:10DEE0002168164A02EB5102B2FBF1F202F00F0177
:10DEF000C3F8C0108021D960C2F307111960002156
:10DF0000C2F307325A60D960607922790243A0795E
:10DF10000243DA600122C3F89C10C3F898205A68C3
:10DF200042F005025A60FF2385F8583138BD00BF22
:10DF3000B4090108803D0020000C014000A24A0401
:10DF400070B50446C5692E6BC26A6B6A9A4234BFCB
:10DF5000C36A6B6A13F1FF3336D2E36A002B3FD1F9
:10DF6000EB6263681B6833B1042220462270984735
:10DF70002378042B01D102232370302383F31188EB
:10DF8000002104F10800FEF715FD002383F311883A
:10DF9000F30718D5286A228E666AE36A616AD31A83
:10DFA0003344121A934228BF134699424FF6FF7129
:10DFB00038BF636A13F1FF331BD2636A1BB9EB6A84
:10DFC00023F00103EB6270BD296EE26A013AE2625E
:10DFD000A26A002ABED01170A26A0132A262B9E719
:10DFE000E26AEB699A429EBFE36A03F1FF33EB6199
:10DFF000CEE7626A013A6262226A0AB92966D9E703
:10E0000012F8010B28662262D4E7000008B5034825
:10E01000FFF796FFBDE80840FEF7A6BDDC3E0020F6
:10E0200008B50348FFF78CFFBDE80840FEF79CBD2C
:10E03000103F002010B5064C2046FFF759F9054B5C
:10E04000E361054C2046FFF753F9044BE36110BD33
:10E05000DC3E002000300040103F002000900040D7
:10E06000037810B5012B044645D1334B98421FD19C
:10E07000324B0A219A6C1A2042F480529A649A6CAC
:10E08000D3F8902042F48052C3F89020D3F8902027
:10E0900022F48052C3F89020D3F89030FFF7B3FCFD
:10E0A0006268E369128A5A611A6942F001021A61D0
:10E0B000234B9C421FD1214B0921DA6C1B2042F0DB
:10E0C0001002DA64DA6CD3F8942042F01002C3F83C
:10E0D0009420D3F8942022F01002C3F89420D3F8AF
:10E0E0009430FFF790FC6268E369128A5A611A69FA
:10E0F00042F001021A616168E369CA8989890A43A9
:10E10000218E42F007021A6069B901229A6198696A
:10E11000904205D10132B2F5807FF7D191B201E092
:10E12000012AFBD1218600229A61DA61DA6A22F0A3
:10E13000FF02DA629B6C10BDDC3E0020000C014047
:10E14000103F0020037810B5022B04461FD1002297
:10E15000C3699A60DA6A22F0FF02DA629B6C0C4BA8
:10E16000984208D11A20FFF764FC0A4B9A6C22F4FB
:10E1700080529A649B6C084B9C4208D11B20FFF78D
:10E1800058FC044BDA6C22F01002DA64DB6C10BD30
:10E19000DC3E0020000C0140103F002091B1836262
:10E1A000038E41625B089942C16228BF1946C36968
:10E1B000026299610139D961DA6A42F01102DA62C8
:10E1C00001229A60704799B100238362038E4162F5
:10E1D0005B089942C16228BF1946C369026299610E
:10E1E0000139D961DA6A42F01102DA6201229A60D9
:10E1F000704799B100230362038E41625B08994224
:10E20000C16228BF1946C369826299610139D96127
:10E21000DA6A42F01102DA6201229A607047000065
:10E220000A4A0B4B10B502EB8002987338B1DC7DC3
:10E23000987D40EA04200B18994203D110BD987DC7
:10E24000C0B2F8E7147801F8014BF5E7204001402F
:10E250000040014090F8342010B5152A04460CD82F
:10E26000012393400C4A134208D19B0205D5036C4D
:10E2700003B19847002384F8343010BD0021602298
:10E28000064B99735A7499735A7443681B680BB19F
:10E29000062198470623EEE7410E1000004001409A
:10E2A0002DE9F843244C00F1020804EB8803D3F86D
:10E2B0000490224ED9F81850B073337D0746DB071F
:10E2C00033D5A968FFF7ACFFAB68B9F81220034457
:10E2D000AB606B68904203446B602B68A3EB000358
:10E2E0002B602B8A03F1FF339BB22B8200D3F3B94F
:10E2F000012303FA07F2638923EA0203638104EB33
:10E3000088035B68DB6813B139460B4898473023B4
:10E3100083F3118804EB88046368986941680C30C2
:10E32000FEF748FB002383F31188BDE8F883337DB3
:10E3300003F0FE033375F8E7443F0020004001403E
:10E34000F8B5214C871C04EB87035E6801467269AF
:10E3500050681568A84219D3012303FA01F22389F2
:10E3600023EA02032381B3680BB120469847302388
:10E3700083F3118804EB87046368002158690C302B
:10E38000FEF718FB002383F3118817E00F4B9973F6
:10E39000136918445060281ADED0348A844228BF9A
:10E3A00004469068146103440948936000EB8101BE
:10E3B0001C449C4203D10122044B5A74F8BD13F84B
:10E3C000012B0A70F5E700BF443F002000400140E8
:10E3D0002040014090F8342010B5152A04460CD88E
:10E3E000012393400C4A134208D19B0505D5036CC9
:10E3F00003B19847002384F8343010BD0021602217
:10E40000064B99735A7499735A7443681B680BB11D
:10E41000062198470623EEE7410C300000400140FA
:10E420002DE9F047824B9E79F6B2B70702D58148B5
:10E43000FFF72EF9750702D57E48FFF7C1F83407BC
:10E4400013D57C4C6368DB6823B9794AD37A03F02F
:10E45000F703D3722378052B02D17648FFF718F91A
:10E460006368DB680BB173489847714A93781779F2
:10E4700003F0FF08FFB253B9002F3DD1F30702D5D7
:10E480006C48FFF7D7F8BDE8F047FEF76DBB18F012
:10E49000010F1FD00021674CD4F80C909173537C6E
:10E4A000DBB2580744BF517484F83410DA0605D53E
:10E4B00080215F4A5174002284F8342094F834207B
:10E4C0000AB1062A28D1DB0704D5D9F80430002187
:10E4D0005848984718F0020F02D00120FFF730FF8C
:10E4E00018F0040F02D00220FFF72AFF18F0080FDF
:10E4F00002D00320FFF724FFB80702D50120FFF761
:10E50000CFFE790702D50220FFF7CAFE3A07B5D53C
:10E510000320FFF7C5FEB1E7092A49D1444D6B7CC2
:10E52000DBB213F00201D5D103F01103112BD1D0CE
:10E53000D9F81420A97351681369106819445160FF
:10E54000411AB9F810E017D0714528BF714690689C
:10E5500011610344384893605A18934208D1B9F8BE
:10E5600010308B4294BF02210A21314B5974B1E71C
:10E5700013F8014B0470F0E7734503D10A236B7461
:10E580001161A7E7238923F001032381D9F808301B
:10E590000BB128489847302383F311880021E368A2
:10E5A00058690C30FEF706FA002383F3118891E7CF
:10E5B000152A8FD1DFF878A09AF81130DD0789D5B8
:10E5C000D9F818500020A968FFF72AFEAB68B9F8FF
:10E5D00012200344AB606B68904203446B602B686D
:10E5E0004FF00002A3EB00032B602B8A03F1FF33F3
:10E5F0009BB22B8200D3A3B90D4B9A7348225A7455
:10E60000638923F001036381E368DB6813B10021B0
:10E6100008489847302383F31188E3689869416874
:10E62000BFE740238AF80E208AF8113052E700BF76
:10E6300000400140443F0020204001400148FEF7D7
:10E64000DCBE00BF443F002010B50478012C0ED181
:10E65000074AC260FFF7BCFA0022064B0D21DA72AE
:10E66000DC715A720E20BDE81040FFF7CCB910BD26
:10E67000BC09010800400140037810B5012B044695
:10E680000CD00E20FFF7D5F90022054B2046DA7298
:10E69000DA715A72BDE81040FFF7CABA10BD00BF68
:10E6A0000040014090F84E20014B1A70704700BFA7
:10E6B0000040014000EB8100344BC26801F00F01C3
:10E6C00010B59973106800F00300002956D0022895
:10E6D0002CD003282AD0012827D153690BB993697C
:10E6E0001BB3E020294B9874108AC0F3C70018743C
:10E6F000402058740820587458740120DC7900FABE
:10E7000001F149B241EA0400C0B2D871C020587585
:10E71000528AC2F3C702DA7480221A7510221A755F
:10E720001A755A7A1143C9B2597210BD506980B135
:10E7300000209874108AC0F3C700187440205874E1
:10E740000820587458740120DC7988402043C0B2F6
:10E75000D8719369002BE8D000200C4B5875528A71
:10E76000C2F3C702DA7480221A7510221A751A755C
:10E770000122587A02FA01F10143D4E70028D4D1EA
:10E78000DA7942F00102DA71CFE700BF00400140C0
:10E79000002208B50B4BDA715A724268D2681AB17E
:10E7A000DA7A42F00802DA72074B0021C360FFF701
:10E7B00081FF0122034B5A70DA7A42F00102DA72C9
:10E7C00008BD00BF00400140BC09010870B50D4BF9
:10E7D0000021DA79402602F00102DA7108240122D0
:10E7E0008025102059729A730132D2B2042A99748A
:10E7F0005E745C745C7459751D7518751875F2D16A
:10E8000070BD00BF004001400C4B01F00F029A7335
:10E8100041B95A7C52070ED4D87910F0010018BFC4
:10E8200002207047187D10F0200004D15B7A13415C
:10E8300013F0010FF3E70120704700BF00400140D3
:10E840000C4B01F00F029A7341B95A7C52070ED457
:10E85000D87910F0010018BF02207047587C10F0E2
:10E86000100004D1DB79134113F0010FF3E701200D
:10E87000704700BF00400140064B01F00F0103EB61
:10E88000810302F10801187802F8010B9142FAD1D4
:10E89000704700BF204001404822044B01F00F01A7
:10E8A00099735A74002380F8343070470040014057
:10E8B00010B501F00F0400EB8101CB6899690A687B
:10E8C00072B1588A1318013BB3FBF0F39BB20B8271
:10E8D000064B9C7334B11A7D02F0FE021A7510BD0E
:10E8E0000123F4E740225A74F9E700BF00400140D9
:10E8F00000EB810311F00F0170B508BF4025DC6803
:10E9000008BF124A636904BF91735574228A1D6857
:10E910000F4CAA4228BF2A461A619B6804EB810467
:10E920009D189D4205D1094B997331B101225A744A
:10E9300070BD13F8016B2670F3E7597CC168098A32
:10E94000914294BF02220A22F1E700BF0040014039
:10E9500020400140054B01F00F01997311B12022B5
:10E960001A75704760225A74704700BF004001401A
:10E97000044B01F00F01997311B110225A747047C2
:10E980006022FBE700400140044B01F00F01997346
:10E9900011B180221A7570475974704700400140C8
:10E9A000044B01F00F01997311B140225A74704762
:10E9B0005974704700400140074BD3E902128A4264
:10E9C00008D0596801F59C70824201D1D960704726
:10E9D0000832DA60704700BFEC3500200023074999
:10E9E00030B51A460C46834201D1E25430BD11F8CD
:10E9F000015B01332A44D2B2F5E700BFB82D0020F5
:10EA00002DE9F843034616461A481B4C00F8013B13
:10EA1000F1F7B6FDD4E9018708F59C794F4506F179
:10EA20000106E36804D1984506D10020BDE8F883CB
:10EA300007F108029342F7E7104A216902F2CF7307
:10EA40005B1A312B98BF2261322EEED825693246EF
:10EA500028460849F1F794FD4F453D6035447D60F7
:10EA600018BF083725610CBFC4F80880A7600120D3
:10EA7000DCE700BF74370020EC3500201C2E00209E
:10EA8000082202490120FFF7BBBF00BFF82D00207C
:10EA90000E2202490220FFF7B3BF00BF052E00205F
:10EAA0000368044905220B60037907200B71FFF707
:10EAB000A7BF00BF002E002070B50546264C0030D1
:10EAC00044F0010418BF0120A047686A234E0030BB
:10EAD00018BF0120A0470120A047A86B003018BF35
:10EAE0000120A047E86B003018BF0120A047002498
:10EAF0004FF47A721A491B48356000F0CDFD1A4B6D
:10EB00001A4A1B495A601961C3E902221C70336812
:10EB1000C2E900115B6A4FF4E130984735680F2273
:10EB2000214605F11400F1F7A1FD0123EB752B76C9
:10EB30006423EB770F4B0E221C700F4B21461C6099
:10EB40005C600E48F1F792FD0D4B1C800D4B1C6074
:10EB50001C710D4B1C7070BD1C0A0108F02D0020AB
:10EB6000AC370020943B0020EC35002034360020E8
:10EB70001C2E0020F62D0020F82D0020052E002050
:10EB8000F42D0020002E0020A43B002000487047F8
:10EB9000400A0108034BD8689B68C01A18BF0120BF
:10EBA000704700BFEC3500202DE9FF47AB4C06460F
:10EBB0002068AB4F003047F0010718BF0120B8476D
:10EBC0002068A84D003018BF0120B8472368DFF83F
:10EBD000A882586B003018BF0120B8472368986A94
:10EBE000003018BF0120B84723685B6B98470028A6
:10EBF00000F09C8023689B6A984795F83230012B7F
:10EC00004AD0002B34D0022B4ED095F832305A1C0B
:10EC1000E85498F80030D2B2013BDBB285F83220DC
:10EC200088F80030002BDFD119468E48013A914216
:10EC30005FD3AA5C9A4240F05F8140F66153ADF821
:10EC40000C300A238DF80E3023680321DB6A03A8F9
:10EC50009847002385F832302B785C2B00F04181F7
:10EC60004DD85A2B73D05B2B79D07F4B03222FE0EA
:10EC700061280BD8602804D2A0F15A03DBB2032B21
:10EC800006D80123287085F8323001E0AF28F8D08B
:10EC9000002388F80030A7E70223602885F8323087
:10ECA000687018BF0123F4E70A282B7812D10322D9
:10ECB000612BA87085F832200CD16B780D2BA4D174
:10ECC0000023216885F8323088F800300B75664BD8
:10ECD0001A702BE0AF2B98D16B78602B95D195F8FB
:10ECE0003230E8540133013085F8323088F80000C2
:10ECF0007AE710F801CB01316344DBB297E7602B70
:10ED000000F0F380AF2B06D05D2BAED123686A787C
:10ED100083F821200AE05548AD7800F0D1FCA842E4
:10ED200004D32A465249514800F0D7FC20680030ED
:10ED300018BF0120B8474C4A13789046032B00F2C5
:10ED4000F280DFE813F03301DD001D012C016B7848
:10ED500013F0F80FEAD1226882F82030E6E76A78EB
:10ED60002368213A212AE1D801A151F822F000BFFD
:10ED7000F9ED0008FFED000805EE00082DED000894
:10ED80002DED00082DED00082DED00082DED0008FB
:10ED90002DED00082DED00082DED00082DED0008EB
:10EDA0002DED00082DED00082DED00082DED0008DB
:10EDB0000FEE000829EE000843EE00087DEE000883
:10EDC00093EE0008ADEE0008C3EE00082DED00083C
:10EDD0002DED00082DED00082DED00082DED0008AB
:10EDE0002DED00082DED00082DED00082DED00089B
:10EDF0002DED0008DDEE000801225A7596E701228C
:10EE0000DA8293E700225A754FF48072F8E7194AC4
:10EE10001278002A8AD0964288D101221A830022D1
:10EE200083F820201A7781E7124A1278002A3FF4EB
:10EE30007DAF96427FF47AAF4FF480721A8300223E
:10EE4000F0E70C4A1278002A3FF470AF96427FF444
:10EE50006DAF00221A8383F8202067E7F02D002091
:10EE60001C0A0108852D0020EC350020943B002071
:10EE7000882D0020842D0020132E00209B4A12781C
:10EE8000002A3FF453AF96427FF450AF01225A77E5
:10EE90004CE7964A1278002A3FF448AF96427FF436
:10EEA00045AF01229A7600225A76D4E78F4A12782B
:10EEB000002A3FF43BAF96427FF438AF0122DA7666
:10EEC000F1E78A4A1278002A3FF430AF96427FF485
:10EED0002DAF01221A7700225A7627E700221A75F1
:10EEE00024E723686A78DA7720E72368687883F86C
:10EEF0002200DB6B984719E7002385F8323073E670
:10EF000023687B4D9B6B98472B68984223689B6BCB
:10EF100031D398472B68C01A764B1B78834202D2B4
:10EF2000022388F800301EB32368062E9B6B724DB7
:10EF300040F0948198472B68984223689B6BC0F0FF
:10EF4000858198472B68181A18BF012080B16B4C37
:10EF50002378D90704D523F001032370FFF790FD30
:10EF600023789A0704D523F002032370FFF790FD5E
:10EF700004B0BDE8F08798472B68DB431844CBE723
:10EF80005F4A6049137809780133DBB29942137004
:10EF900003D200231370FFF70FFD0023C1E7FFF733
:10EFA0000BFD0023564A88F800301370D8E902237D
:10EFB0009342B8D0D3E90015534B6D1A2A46184630
:10EFC000F1F7DEFA8146002DADD020686A1E0030D0
:10EFD00018BF01200192B8470A21464B49481970D1
:10EFE0003221017099F800108246019A112922D825
:10EFF000DFE811F01200190047005C00690074009E
:10F000009000AF00C000CC00D100D6001801E10094
:10F01000F50000010801100103223C4B5A63A622AF
:10F020001A80022019E02268127D32B100221146B6
:10F030001046FFF7E5FC032373E705221A700A2345
:10F040003249A1224B630B46314803F8012B026879
:10F05000C1F80120426809205A60FFF7BFFC23680D
:10F06000D86A003018BF0120B84728482368818E2D
:10F07000DB6A984723689B6B98471D4B18600123F8
:10F080004FE705221A701022204B5A63A22203F880
:10F09000012B1F4A02F10C0152F8040B8A4243F87B
:10F0A000040BF9D112880F201A80D6E705221A70B6
:10F0B0000422164B03205A63A3221A70B9F80120C8
:10F0C000A3F80120C9E705221A7003220F4B5A63E7
:10F0D000A4221A7099F801205A70A2E705221A702A
:10F0E00003220A4B5A63A522F3E700BF842D0020B8
:10F0F000A837002024110020182E0020F62D002013
:10F10000142E00202511002000360020B82D0020EC
:10F110000136002003225E4B02205A63A6221A7099
:10F1200099F801205A70FFF759FC99F80130522BD9
:10F1300009D8512B02D2303B052B90D8002E8ED00F
:10F14000544B1E708BE7532B89D101238AF8003072
:10F1500085E705221A7007234D4AA82153631346F9
:10F1600003F8011B4C490868C2F801000A7906201F
:10F170001A7172E74648AB1C4363A92303704270BF
:10F1800045490230F1F7FCF9681C66E74048AB1CC2
:10F190004363AB23F2E73E48AB1C4363AC23EDE78C
:10F1A0003B486B1C4363AD233B4900F8013BF1F73F
:10F1B000E7F9284651E746F2AF13DFF8D49003355C
:10F1C0003549C9F83450A9F8003089F8022009F10E
:10F1D0000300F1F7D5F9D9F8340001383DE7DFF83D
:10F1E000B090B12348460135C9F8345000F8013BCE
:10F1F0002949EEE7DFF898900135C9F834504846C0
:10F20000B223F3E7DFF888900135C9F83450484657
:10F21000B323EBE7DFF878900135C9F8345048465E
:10F22000B423E3E703231A4D6B6340F661532B804D
:10F230000A23AB702368D86A003018BF0120B84792
:10F240002368A98EDB6A28469847F4E698472B681E
:10F25000C01A10F1FF3018BF012077E698472B68DD
:10F26000984223689B6B0ED398472B68C01A0728D7
:10F2700094BF0020012000283FF47AAE23689B6BE6
:10F280009847286063E698472B68DB431844EEE70D
:10F29000B82D0020842D002001360020012000B56B
:10F2A0000E4B89B0034398470D4800F0FEF91F2824
:10F2B00011D9002320226946094800F042FA202192
:10F2C000074800F068FA20216846F3F76BFD01203B
:10F2D00009B05DF804FB0020FAE700BF1C0A010832
:10F2E000943B0020F8B504461F464C4B4C4A186826
:10F2F00042F00102003018BF01200D469DF8186051
:10F300009047231FA02B43D8464A022315B3D55C50
:10F31000A5421AD03DB9D454434A137843F00103AF
:10F3200013702846F8BD0133082BF0D16EB1E30805
:10F3300004F0070101243D4A8C40D15C0C43D454B5
:10F34000394A137843F0020313700025E9E70133CB
:10F35000082B09D0D15CA142F9D10021D154324A05
:10F36000137843F0010313703048E108435C04F064
:10F37000070443FA04F2D207E7D5012202FA04F4A3
:10F38000294A23EA04034354137843F00203C7E7EE
:10F39000A4F1E00293B2072B16D86DB10FB1E32CA4
:10F3A00005D001231F4993400A7813430B701E4A6E
:10F3B000137843F00103C7E701231A4903FA02F265
:10F3C0000B7823EA0203F1E7A4F1A50083B2022B34
:10F3D00012D801221649824091F9003052B245B14B
:10F3E000134301220420DBB20B701149FFF708FB25
:10F3F000ABE723EA0203F4E7A4F1A8031A2B0AD827
:10F4000025B158340B4BE4B233F814500A490222A8
:10F410000D800320EAE7012583E700BFF02D0020DF
:10F420001C0A0108F82D0020F62D0020052E0020D2
:10F43000A43B0020E0090108F42D002038B5184C49
:10F4400000252378032B29D8DFE803F0020C1620CF
:10F450000A23144843708570FFF722FB08B101238B
:10F46000237038BDF6230F4845708370FFF718FBF3
:10F470000028F6D00223F3E7F6230A48437085708C
:10F48000FFF70EFB0028ECD00323E9E70A23054829
:10F4900045708370FFF704FB0028E2D02570E0E799
:10F4A000F72D0020002E002007B501228DF807005F
:10F4B0000DF107010620FFF7A3FA03B05DF804FB86
:10F4C00038B504460E4D0F4B286843F00103003059
:10F4D00018BF01209847601EC0B204280ED80A4AFF
:10F4E0002B68125C53F822402046F1F7FFFA2146C0
:10F4F000BDE8384002460820FFF782BA002038BD38
:10F50000F02D00201C0A0108160A010810B5044657
:10F51000094B1868094B003018BF012043F0010364
:10F5200098472046F1F7E2FA2146BDE8104002462E
:10F530000920FFF765BA00BFF02D00201C0A010862
:10F5400010B50446094B1868094B003018BF01205C
:10F5500043F0010398472046F1F7C8FA2146BDE879
:10F56000104002460A20FFF74BBA00BFF02D0020E2
:10F570001C0A0108002337B501930B4B0446186899
:10F580000A4B003018BF012043F001030D46984795
:10F59000042244EA05440DEB02010B200194FFF71D
:10F5A0002FFA03B030BD00BFF02D00201C0A010867
:10F5B00008B1FFF775BA7047264B08201A4610B5F8
:10F5C00013F8011B002936D0002313605360FFF7A6
:10F5D00057FA01200023204A12F8011B81B30E22A2
:10F5E00000211D48F1F742F8FFF752FA01201B49AC
:10F5F0000A784B78134306D0002302220B800320A5
:10F60000FFF7FEF90120164A0023114612F8014BBC
:10F61000DCB1002312480B600B71FFF7C9FF01201A
:10F6200010490B7833B1002301220B700420FFF73F
:10F63000E7F9012010BD013810F0FF00C0D1C9E783
:10F640000133DBB20E2BC7D1D1E70133DBB2052B7F
:10F65000DCD1E5E7F82D0020052E0020F42D002058
:10F66000002E0020A43B002038B50D460446084B70
:10F670001868084B003018BF012043F00103984779
:10F680002A462146BDE838400D20FFF7B9B900BF32
:10F69000F02D00201C0A010830B129B122B100234D
:10F6A000C0E90012C0E90233704740B1D0E902233B
:10F6B0009A4201D8981A704740681844801A7047D7
:10F6C00050B1D0E90232934297BF406803F1FF3056
:10F6D000C01800F1FF30801A7047F8B50F46144685
:10F6E000054660B3D0F800C0BCF1000F27D031B39D
:10F6F0002AB3D0E9023083429CBF6A689B18013B61
:10F700001B1AA3421BD36E68361AA64228BF264690
:10F7100076B9A21BB9192868F0F732FFE8686B6860
:10F720000444B4FBF3F003FB10440120EC60F8BD8B
:10F7300032466044F0F724FFB442EFD9E9E70020F5
:10F74000F5E7F8B50F461446064610B3006808B34F
:10F75000F9B1F2B1D6E90252954284BF71685218EC
:10F76000521BE118914214D82B447568ED1AA5423A
:10F7700028BF254625B1C1182A463846F0F700FFB4
:10F78000AC4204D9621B31687819F0F7F9FE012008
:10F7900000E00020F8BD10B588B189B1D0E902239E
:10F7A0009A4284BF44681B199B1A8B4208D3436852
:10F7B0001144B1FBF3F203FB12118160012010BD73
:04F7C0000020FCE742
:10F7C40018191A1B1C1D1E1F202118191A1B1C1D79
:10F7D4001E1F202100FF3C0000202020202020208C
:10F7E40020202828282828202020202020202020ED
:10F7F40020202020202020202088101010101010FD
:10F804001010101010101010100404040404040448
:10F8140004040410101010101010414141414141E2
:10F8240001010101010101010101010101010101C4
:10F8340001010101101010101010424242424242D4
:10F844000202020202020202020202020202020294
:10F85400020202021010101020000000000000003C
:10F864000000000000000000000000000000000094
:10F874000000000000000000000000000000000084
:10F884000000000000000000000000000000000074
:10F894000000000000000000000000000000000064
:10F8A4000000000000000000000000000000000054
:10F8B4000000000000000000000000000000000044
:10F8C4000000000000000000000000000000000034
:10F8D400000000000000000000000000040C0020F4
:10F8E4000000000000000000000000000000000014
:10F8F4000000000000000000000000000000000004
:10F9040000000000000000000000000000000000F3
:10F9140000000000000000000000000000000000E3
:10F9240000000000000000000000000000000000D3
:10F9340000000000000000000000000000000000C3
:10F9440081828300E200E900EA00B500B600B70056
:10F95400CD008301CC008A0192019401210223028B
:10F9640024022502260227022A02B300B4006F00F3
:10F9740070009F01CB019F02A00200000000000064
:10F9840060EA000020BF0200E0930400C0270900E1
:10F99400804F120040771B00E09304006D6F647584
:10F9A4006C65207665723A2025640D0A000D0A62A2
:10F9B40075696C6420646174653A20323032342D88
:10F9C40030352D32332D31363A33363A343200481D
:10F9D400616E677368656E6700524B322E34472040
:10F9E400446F6E676C650052373550726F00524B2E
:10F9F400383753205247422042543400524B383750
:10FA04005320524742204254350000000008004071
:10FA140001080040020800400308004006000040BE
:10FA24000A0400400B0400400C0400400D04004094
:10FA34000E0400400A000040060800400708004089
:10FA440008080040090800400948032181620C218C
:10FA5400C162084890F81003074900F00F000A68D3
:10FA6400824200D008600020401C2328FCDB704741
:10FA74000000014000F0FF1F040401400748032177
:10FA840081620C21C1620648016801F00F01082956
:10FA940001D90821016000BF00BF70470000014088
:10FAA4000404014000000040010000400200004046
:10FAB40003000040040000400D0800400000000066
:10FAC4000000000000000000000000000000000032
:10FAD4000000000000000000000000000000000022
:10FAE4000000000000000000000000000000000012
:10FAF4000000000000000000000000000000000002
:10FB040000000000000000000000000000000000F1
:10FB140000000000000000000000000000000000E1
:10FB240000000000000000000000000000000000D1
:10FB340000000000000000000000000000000000C1
:10FB440000000000000000000000000000000000B1
:10FB540000000000000000000000000000000000A1
:10FB64000000000000000000000000000000000091
:10FB74000000000000000000000000000000000081
:10FB84000000000000000000000000000000000071
:10FB94000000000000000000000000000000000061
:10FBA4000000000000000000000000000000000051
:10FBB4000000000000000000000000000000000041
:10FBC4000000000000000000000000000000000031
:10FBD4000000000000000000000000000000000021
:10FBE4000000000000000000000000000000000011
:10FBF4000000000000000000000000000000000001
:10FC040000000000000000000000000000000000F0
:10FC140000000000000000000000000000000000E0
:10FC240000000000000000000000000000000000D0
:10FC340000000000000000000000000000000000C0
:10FC440000000000000000000000000000000000B0
:10FC540000000000000000000000000000000000A0
:10FC64000000000000000000000000000000000090
:10FC74000000000000000000000000000000000080
:10FC84000000000000000000000000000000000070
:10FC94000000000000000000000000000000000060
:10FCA4000000000000000000000000000000000050
:10FCB4000000000000000000000000000000000040
:10FCC4000000000000000000000000000000000030
:10FCD4000000000000000000000000000000000020
:10FCE4000000000000000000000000000000000010
:10FCF4000000000000000000000000000000000000
:10FD040000000000000000000000000000000000EF
:10FD140000000000000000000000000000000000DF
:10FD240000000000000000000000000000000000CF
:10FD340000000000000000000000000000000000BF
:10FD440000000000000000000000000000000000AF
:10FD5400000000000000000000000000000000009F
:10FD6400000000000000000000000000000000008F
:10FD7400000000000000000000000000000000007F
:10FD8400000000000000000000000000000000006F
:10FD9400000000000000000000000000000000005F
:10FDA4000000FF00FF55FFAAFF2BFFBFFF6A010100
:10FDB40000FF55FFAAFF2BFFBFFF80FF00000D0FC0
:10FDC4001018191A1D252122232B02050609060DD8
:10FDD4000F10191A2200AA00A900AA00A900AA005B
:10FDE400A900AA00A900AA00A90029003A003B0022
:10FDF4003C003D003E003F00400041004200430003
:10FE0400440045004C004D0035001E001F0020003A
:10FE140021002200230024002500260027002D00B5
:10FE24002E002A004A002B0014001A0008001500B6
:10FE340017001C0018000C00120013002F003000E3
:10FE440031004B00390004001600070009000A00C5
:10FE54000B000D000E000F0033003400A800280032
:10FE64004E00E1001D001B000600190005001100F2
:10FE74001000360037003800E50000005200000092
:10FE8400E000E300E200000000002C00000000009D
:10FE94000000E60021520000500051004F00010014
:10FEA400B300B500B100B200AF00AD00AC00AE00CD
:10FEB400AB00A800AA00A9004700010001004A7E87
:10FEC4004B7E4C7E01000100010001000100010095
:10FED400010001000100537E46000100007E017E06
:10FEE400027E010001000100010001002452057E90
:10FEF400010049002178480001000000025201007D
:10FF04000100010001000100010024520100010070
:10FF14000100077E4D000100010001000100010005
:10FF24001370010001002378010001002452000035
:10FF34002778000001000B70010000000000037C22
:10FF44000000000000000100010000002A78287869
:10FF5400297829003A003B003C003D003E003F0068
:10FF64004000410042004300440045004C004D0065
:10FF740035001E001F002000210022002300240061
:10FF84002500260027002D002E002A004A002B0001
:10FF940014001A000800150017001C0018000C00BB
:10FFA400120013002F00300031004B003900040010
:10FFB4001600070009000A000B000D000E000F00D8
:10FFC40033003400A80028004E00E1001D001B008F
:10FFD4000600190005001100100036003700380033
:10FFE400E500000052000000E000E200E300000031
:0CFFF40000002C00000000000000E700EE
:020000040801F1
:1000000023520000500051004F000100BE00BD000F
:100010000100010028782778AC00AE00AB00A800F2
:10002000AA00A9004700010001004A7E4B7E4C7ED9
:1000300001000100010001000100010001000100B8
:100040000100537E46000100007E017E027E010019
:1000500001000100010001002452057E0100490059
:100060002178480001000052000001000100010059
:100070000100010001002452010001000100077E7F
:100080004D0001000100010001000100137001009A
:1000900001002378010001002452000027780000AD
:1000A00001000100010000000000037C00000000CE
:1000B00000000100010000002A7828782978007CDF
:1000C0000100010001000100010001000100010028
:1000D0000100010001000100010001000100010018
:1000E0000100010001000100010001000100010008
:1000F0000100010001000100010001000100557E26
:10010000010001000100010001000100547E010016
:1001100001000100010001000100010001000100D7
:1001200001000100010001000100547E01000100F6
:1001300001000100010001000100010001000100B7
:1001400001000100010001000100010001000000A8
:10015000010000000100010001000000000001009A
:10016000000000000000010001000000010001008B
:100170000100FF550000000000000000000000002A
:10018000000000000000000000000000000000006F
:10019000000000000000000000000000000000005F
:1001A000000000000000000000000000000000004F
:1001B0000000FF55000000000000000000000000EB
:1001C0000000000000000000000000000000FF55DB
:1001D000FF55FF5500000000000000000000000077
:1001E000000000000100000000000000000000000E
:1001F00000000000000000000000000000000000FF
:1002000000000000FF55000000000000000000009A
:1002100000000000000000000000000000000000DE
:10022000FF55FF55FF550000FF00FF00FF000000D5
:1002300000000000000000000000000000000000BE
:10024000000000000000FF00FF00FF00FF00FF00B3
:10025000000000000000000000000000000000009E
:100260000000FF00FF00FF00FF00FF000000000093
:10027000000000000000000000000000000000007E
:100280000000FF00FF00FF000000FF000000000072
:100290000000000000000000010000000000FF005E
:1002A0000000000000000000FF000000000000004F
:1002B000000000000000000000000000FF0000003F
:1002C000FF0000000000000000000000000000002F
:1002D00000000000000000000000FFAA0000000075
:1002E000000000000000000000000000000000000E
:1002F00000000000000000000000FFAAFFAAFFAA03
:10030000FFAAFFAAFFAAFFAA000000000000000049
:100310000000000000000000FFAAFFAAFFAAFFAA39
:10032000FFAA000000000000000000000000000024
:10033000000000000000FFAAFFAAFFAAFFAAFFAA70
:1003400000000000000000000000000001000000AC
:100350000000000000000000FFAAFFAA000000004B
:10036000000000000000000000000000000000008D
:10037000000000000000000000000000000000007D
:10038000000000000000000000000000000000006D
:10039000000000000000000000000000000000005D
:1003A000000000000000000000000000000000004D
:1003B000000000000000000000000000000000003D
:1003C000000000000000000000000000000000002D
:1003D000000000000000000000000000000000001D
:1003E000000000000000000000000000000000000D
:1003F00000000000000000000000000000000000FD
:1004000000000000000000000000000000000000EC
:1004100000000000000000000000000000000000DC
:1004200000000000000000000000000000000000CC
:1004300000000000000000000000000000000000BC
:10044000000081828300E200E900EA00B500B60006
:10045000B700CD008301CC008A01920194012102F2
:10046000230224022502260227022A02B300B40036
:100470006F0070009F01CB019F02A00200080040A6
:100480000108004002080040030800400600004048
:100490000A0400400B0400400C0400400D0400401E
:1004A0000E0400400A000040060800400708004013
:1004B000080800400908004000000040010000401A
:1004C0000200004003000040040000400D0800400E
:1004D000296C6C756E2800296C696E28000031311A
:1004E000295A1B750A00000033A5000835A500082D
:1004F0004DA5000869A500080000000000040040A8
:100500000F000000000000001800000000010101C1
:1005100001010101010102020202020202020203C0
:100520000303030303030304040404040404050590
:100530000505050606060606070707070708080853
:1005400008090909090A0A0A0B0B0B0C0C0C0D0D02
:100550000D0E0E0E0F0F0F1010111111121213139A
:100560001414151516161717181819191A1A1B1B13
:100570001C1D1D1E1E1F202021222223242425266F
:1005800026272829292A2B2C2D2D2E2F30313232A7
:10059000333435363738393A3B3C3D3E3F404142B3
:1005A000434445464748494A4C4D4E4F5051535499
:1005B000555658595A5B5D5E5F616264656668694D
:1005C0006B6C6D6F7072737577787A7B7D7E8082CD
:1005D000838587888A8C8E8F91939596989A9C9E16
:1005E000A0A2A3A5A7A9ABADAFB1B3B5B7BABCBE26
:1005F000C0C2C4C6C9CBCDCFD1D4D6D8DBDDDFE2F3
:10060000E4E7E9EBEEF0F3F5F8FAFDFF0000000097
:1006100000000000000000000000000000000000DA
:1006200000000000000000000000000000000000CA
:10063000000000002A2B280000000000000000003D
:100640000000000000000029000000002C1E3420E3
:10065000212224342627252E362D3738271E1F2009
:100660002122232425263333362E37381F0405064E
:100670000708090A0B0C0D0E0F1011121314151692
:100680001718191A1B1C1D2F3130232D3504050690
:100690000708090A0B0C0D0E0F1011121314151672
:1006A0001718191A1B1C1D2F3130354C0000000083
:1006B0007E0F00D4FFFFFFC70000007800FF01009D
:1006C000010000FFFF0000010001FF000300000027
:1006D00000000000A3BB00080000000008000000AC
:1006E000C82B0020000000000200000000000000F5
:1006F0000300000000000000A3BB00080000000091
:1007000020000000202C002000000000020000005B
:100710000000000049BC0008D5BB0008A1BD0008CE
:100720002DBC0008FC070108000801081608010894
:1007300004140E00610701087A0701089A070108EE
:10074000BC070108260801084808010840226D0975
:10075000025B00030100A0FA09040000010301018B
:100760000009211101000122400007058103080052
:100770000109040100020300000009211101000128
:100780002222000705820320000107050203200042
:100790000109040200010300000009211101000108
:1007A000226D0007058303200001120100020000F2
:1007B00000402D3487E415000102000105010906FF
:1007C000A101050719E029E7150025019508750124
:1007D00081029501750881010507190029FF15009F
:1007E00026FF009506750881000508190129059561
:1007F0000575019102950175039101C00403090477
:100800001403480061006E00670073006800650013
:100810006E00670000000E035200370035005000E4
:1008200072006F0000000660FF0961A101096215F6
:100830000026FF009520750881020963150026FF38
:1008400000952075089102C005010980A10185036A
:1008500019012AB700150126B7009501751081000E
:10086000C0050C0901A101850419012AA002150186
:1008700026A002950175108100C005010906A1019D
:100880008506050719E029E715002501950875017A
:1008900081020507190029EF1500250195F0750162
:1008A0008102050819012905950575019102950137
:1008B00075039101C00000000000000049C200085B
:1008C00039C2000869C2000859C2000863C20008A2
:1008D00053C2000843C2000833C2000800000000F1
:1008E000501001089C3F00209C3F00209C3F0020AE
:1008F000501001080000000000000000000000008F
:10090000501001080000000000000000000000007E
:10091000501001080000000000000000000000006E
:10092000501001080000000000000000000000005E
:10093000501001080000000000000000000000004E
:10094000501001080000000000000000000000003E
:10095000501001080000000000000000000000002E
:100960006C090108582C0020682D00206330006DB0
:1009700061696E0069646C650000000000000000A1
:100980000BD20008FBD100082BD200081BD20008B4
:1009900025D2000815D2000805D20008F5D10008BC
:1009A00035D2000800000100000065786974006B12
:1009B000696C6C000096000003000000000000005D
:1009C000A5D60008D5E3000855E200084000400025
:1009D000682D0020682D0020010000007C2D0020E3
:1009E000E200E900EA00B500B600B700CD008301DF
:1009F000CC008A01920194012102230224022502E3
:100A0000260227022A02B300B4006F0070009F0183
:100A1000CB019F02A0020001020304000549D1F8A6
:100A20000012054A114010B10448814200D0FEE78F
:100A30007047000000F0FF1FFF3F00F080290030EA
:100A4000627473206C69622076657273696F6E3AA6
:100A50002076322E372E35005245454E54206D619A
:100A60006C6C6F6320737563636565646564000017
:100A70002E2E2F2E2E2F2E2E2F2E2E2F2E2E2F2E91
:100A80002E2F2E2E2F2E2E2F6E65776C69622F6CD7
:100A90006962632F7374646C69622F72616E642E75
:100AA000630000002C2066756E6374696F6E3A20D7
:100AB00000000000617373657274696F6E202225F7
:100AC0007322206661696C65643A2066696C6520F2
:100AD000222573222C206C696E65202564257325E0
:100AE000730A0000232D302B20000000686C4C009E
:100AF0006566674546470000303132333435363756
:100B00003839414243444546000000003031323319
:100B10003435363738396162636465660000000039
:080B2000FCF6FE7F010000005D
:100B2800040C00200000000024F9000804F9000863
:100B3800E4F80008000000000000000000000000C9
:100B4800000000000000000000000000000000009D
:100B5800000000000000000000000000000000008D
:100B6800000000000000000000000000000000007D
:100B7800000000000000000000000000000000006D
:100B880000000000EBF90008EBF90008EBF9000899
:100B9800F2F9000800FA0008000000000000000058
:100BA80000000000000000005DB50008A9B50008BD
:100BB800BDB50008D1B50008E5B5000891BA000830
:100BC80025260008000000000000000000000000CA
:100BD800892600089D380008C138000869230008E4
:100BE800112700082D21000800000000B80B0000A4
:100BF800007E000000000000B80B0000017E00002D
:100C080000000000B80B0000027E00000000000099
:100C1800B80B0000037E000000000000B80B0000C5
:100C2800047E000000000000B80B0000057E0000F4
:100C380000000000B80B0000437E00000000000028
:100C4800B80B0000037C000000000000B80B000097
:100C5800117E000000000000B80B0000127E0000AA
:100C680000000000B80B0000137E00000000FF0029
:100C7800161514131211100F0E0D0C0B0A09081774
:100C880018191A1B1C1D1E1F20212223240732316C
:100C9800302F2E2D2C2B2A292827262506333435AC
:100CA800363738393A3B3C3D3EFF3F054C4B4A49C5
:100CB8004847464544434241FF40FF4D4E4FFFFFE2
:100CC80050FFFFFF0001FF0203049040A040C04016
:100CD800D040E040E026E01AE00DE000D000C0007F
:100CE800B000A0009000800070006000500040003C
:100CF8003000200010000000000D100D200D300DF8
:100D0800400D500D600D700D800D900DA00DB00DB3
:100D1800C00DD00DD01AC01AB01AA01A901A801A95
:100D2800701A601A501A401A301A201A101A001A2B
:100D380000261026202630264026502660267026BB
:100D480080269026A026B026D026D033B033A033F4
:100D58009033803370336033503340333033203333
:100D68001033003300401040204050400404040475
:100D7800040404040404040404040404040404042B
:100D8800040404040404040404040404040404041B
:100D9800040404040404040404040404040404040B
:100DA80004040404040404040404040404040404FB
:100DB80004040404040404040404040404010000F6
:100DC800FA00000000000000010000000000000020
:100DD800310000004D410008FF000000FA0000004B
:100DE80000000000010000000000000030000000CA
:100DF8004D4100080000FF00FA000000000000005C
:100E080001000000000000002F0000004D41000814
:100E1800FF000000FA0000000000000001000000D0
:100E280000000000280000004D410008FF000000FD
:100E3800FA000000000000000100000000000000AF
:100E48003400000000000000FFFFFF00FA0000006F
:100E58000000000001000000000000003500000054
:100E680000000000FFFFFF00FA0000000000000083
:100E78000300000000000000FA00000071490008AB
:100E880000000000FA00000000000000030000005D
:100E980000000000FB000000354A000800000000C8
:100EA800FA0000000000000003000000000000003D
:100EB800FF000000E54A00080050000000000000A4
:100EC800B80B00001E7E00000000000000000000BB
:100ED80000000000FE1300203D6F000800FF00FF27
:100EE800FF0339050301020000960000030000001B
:100EF800FFFFFFFF040000000400000000000000E6
:100F080000000000000000000000000000000000D9
:100F180000000000000000000000000000000000C9
:100F280000000000000000000000000000000000B9
:100F380000000000000000000300000000000000A6
:100F480057C40008CDC4000820002000000000009D
:100F58000000000002000000000000000300000084
:100F6800000000000BC50008000000000800000099
:100F78000000000000000000020000000000000067
:100F8800443F0020020200000400000004000000AA
:100F9800200000002000000000000000A02A00201F
:100FA800302B0020000000000000000000000000BE
:100FB8000000000000000000000000000000000029
:100FC8000000000000000000000000000000000019
:100FD8000000000000000000000000000000000009
:100FE80000000000000000000000000000000000F9
:100FF80000000000000000000000000000000000E9
:1010080000000000000000000000000000000000D8
:1010180000000000000000000000000000000000C8
:10102800000000000100000059C0000875C0000859
:10103800B9C00008BBC00008009600000000080006
:0810480000A24A040A32000074
:04000005080001B935
:00000001FF
